{
  "handleSwipeFrom_1": "不行，这小刀太钝了，根本削不动...得想个别的办法才行",
  "handleSwipeFrom_2": "我削！",
  "handleSwipeFrom_3": "再削！",
  "handleSwipeFrom_4": "再再削！",
  "handleSwipeFrom_5": "再削削！",
  "handleSwipeFrom_6": "再再削削！",
  "handleSwipeFrom_7": "快好了，就差一点了",
  "handleSwipeFrom_8": "嘿嘿！铅笔削好了！",
  "afterLoad_1": "铅笔已经削好了，铅笔尖足够尖、也足够硬",
  "afterLoad_2": "一只还没削过的铅笔",
  "afterUseItem_1": "把小刀放在铅笔上，削一下",
  "click_1": "唉，不知道这玩意儿能有什么用",
  "click_2": "铅笔已经削好了，铅笔尖足够尖、也足够硬",
  "click_3": "(滑动手指，削铅笔)"
}