{
  "handleSwipeFrom_1": "駄目だ、刃が鈍過ぎって、全然削れない...他の方法を考えよう",
  "handleSwipeFrom_2": "削る！",
  "handleSwipeFrom_3": "また削る！",
  "handleSwipeFrom_4": "またまた削る！",
  "handleSwipeFrom_5": "もうちょっと削る！",
  "handleSwipeFrom_6": "またもうちょっと削る！",
  "handleSwipeFrom_7": "そろそろできる、あと少し",
  "handleSwipeFrom_8": "へへ！できた",
  "afterLoad_1": "鉛筆を削った、鉛筆の先は十分に鋭く、十分に硬い",
  "afterLoad_2": "まだ削っていない鉛筆",
  "afterUseItem_1": "ナイフを鉛筆の上に置いて、削る",
  "click_1": "え、これはなんの役に立つかを分からない",
  "click_2": "鉛筆を削った、鉛筆の先は十分に鋭く、十分に硬い",
  "click_3": "(指でスライドして、鉛筆鉛筆を削る)"
}