{
  "handleSwipeFrom_1": "No, the penknife is too blunt. It can't sharpen the pencil. I have to try another way.",
  "handleSwipeFrom_2": "Sharpen it!",
  "handleSwipeFrom_3": "Sharpen it x2",
  "handleSwipeFrom_4": "Sharpen it x3",
  "handleSwipeFrom_5": "Sharpen it x4",
  "handleSwipeFrom_6": "Sharpen it x5",
  "handleSwipeFrom_7": "Sharpen it x6...Almost there...",
  "handleSwipeFrom_8": "Haha! The pencil is sharpened!",
  "afterLoad_1": "The pencil is well sharpened. The nib of the pencil looks pointy and tough.",
  "afterLoad_2": "A pencil, hasn't been sharpened yet.",
  "afterUseItem_1": "Put the penknife on the pencil and try to sharpen it.",
  "click_1": "Sigh. Don't know what I should do with it.",
  "click_2": "The pencil is well sharpened. The nib of the pencil looks pointy and tough.",
  "click_3": "(Try swiping finger)"
}