{
  "handleSwipeFrom_1": "안돼, 이 작은 칼이 너무 무뎌서 도저히 깎아지지 않습니다...다른 방법을 찾아야 합니다",
  "handleSwipeFrom_2": "깎아!",
  "handleSwipeFrom_3": "또 깎아!",
  "handleSwipeFrom_4": "깎아깎아!",
  "handleSwipeFrom_5": "더 깎아!",
  "handleSwipeFrom_6": "계속 깎아!",
  "handleSwipeFrom_7": "거의 되었습니다. 조금만 더요",
  "handleSwipeFrom_8": "헤헤! 연필을 깎았습니다!",
  "afterLoad_1": "이 연필은 이미 깎았습니다. 연필끝이 뾰족하고 딴딴합니다",
  "afterLoad_2": "아직 깎지 않은 연필입니다",
  "afterUseItem_1": "작은 칼을 연필위에 놓고 깎으세요",
  "click_1": "휴, 이것이 무슨 쓸모가 있을지 모르겠습니다",
  "click_2": "이 연필은 이미 깎았습니다. 연필끝이 뾰족하고 딴딴합니다",
  "click_3": "(손가락으로 밀어 연필을 깎으세요)"
}