{
  "clickUltralight_1": "설마...Mike가 이 호텔로 끌려갔을가?!",
  "clickUltralight_2": "그리고 이 카드가 Love Hotel의 838번 방 카드일가?",
  "clickUltralight_3": "그리고 이곳은 나쁜 사람들이 킬러를 보내어 Mike를 죽이는 비밀 접촉 지점인건가?!",
  "clickUltralight_4": "맞아! 그럴거야! Love Hotel에 빨리 가서 Mike를 구해야 해!",
  "afterUseItem_1": "아! 봉투에 숨겨진 글자가 있습니다! Love Hotel? 무슨 뜻이지?",
  "click_1": "이 방 카드는 어느 호텔에 것이지? 무슨 뜻이지?",
  "click_2": "뒤를 돌려보세요...",
  "click_3": "봉하지 않았습니다. 열어보세요...",
  "click_4": "하! 안에 카드 한장이 있습니다!",
  "click_5": "이건 호텔의 방 카드인 것 같습니다...",
  "click_6": "어찌되었든, 먼저 이 방카드를 챙기세요",
  "beforeLoad_1": "이상한 봉투...",
  "beforeLoad_2": "이상한 봉투 하나, 이상한 카드 한장..."
}
