{
  "clickUltralight_1": "难道说...小明被转移到了这个酒店？！",
  "clickUltralight_2": "而这张卡，就是Love Hotel的838房间的门卡？",
  "clickUltralight_3": "而这里，实际上就是坏人派杀手去杀小明的秘密交接地点？！",
  "clickUltralight_4": "对！一定是这样！我得赶快去Love Hotel救小明才行！",
  "afterUseItem_1": "啊！信封上居然有隐藏的字！Love Hotel？什么意思？",
  "click_1": "这房卡会是哪个酒店的呢？有什么意义呢？",
  "click_2": "翻过来看看...",
  "click_3": "居然没封起来，打开看看...",
  "click_4": "哈！里面有一张卡！",
  "click_5": "这似乎像是酒店的房卡...",
  "click_6": "不管那么多了，先把这张房卡收起来再说",
  "beforeLoad_1": "一个神秘的信封...",
  "beforeLoad_2": "一个神秘的信封，一张神秘的卡片..."
}
