{
  "clickUltralight_1": "まさか...Mikeはこのホテルに移動された？！",
  "clickUltralight_2": "このカードはLove Hotelの838号室のルームカードだ？",
  "clickUltralight_3": "まさか、ここはMike暗殺事件の密謀現場だった？！",
  "clickUltralight_4": "そうだ！絶対そうだ！速くLove Hotelに行って、Mikeを救出しないと！",
  "afterUseItem_1": "封筒に文字が隠されている！Love Hotel？どんな意味？",
  "click_1": "このルームカードは、あのホテルのもの？なんの意味があるの？",
  "click_2": "裏返してみる...",
  "click_3": "閉じこまれていない、開けてみる...",
  "click_4": "中にカードがある！",
  "click_5": "ホテルのルームカードみたい...",
  "click_6": "とりあえず、カードをキープする",
  "beforeLoad_1": "謎の封筒...",
  "beforeLoad_2": "謎の封筒に謎のカードが..."
}
