{
  "clickUltralight_1": "Does that mean...Mike was transferred to that hotel?!",
  "clickUltralight_2": "And this room card belongs to Room 838 of Love Hotel?",
  "clickUltralight_3": "And here, the underground garage, is actually the contact point for the bad guys sending killers!",
  "clickUltralight_4": "Yes! That's it! I have to rescue Mike now!",
  "afterUseItem_1": "Ah! There're letters hidden on the envelope! Love Hotel...What's the meaning?",
  "click_1": "Which hotel should this room card belongs to?",
  "click_2": "Turn it over...",
  "click_3": "It's not sealed. Open it...",
  "click_4": "Ha! A card!",
  "click_5": "It's a room card...",
  "click_6": "Anyway, keep it.",
  "beforeLoad_1": "A mysterious envelope...",
  "beforeLoad_2": "A mysterious envelope, with a mysterious card..."
}
