{
  "handleSwipeFrom_1": "掀开盖子",
  "fill": "加满",
  "clear": "倒掉",
  "boiling": "烧水",
  "afterUseItem_1": "把水壶底座插到这个插口上试试",
  "afterUseItem_2": "把水壶放上去，但愿这个电源插座有电，可以用来烧水",
  "afterUseItem_3": "拿出易拉罐...瓶子都拿出来了，该烧多少水呢？",
  "afterUseItem_4": "7喜易拉罐，容量330ml",
  "afterUseItem_5": "拿出脉动瓶子...瓶子都拿出来了，该烧多少水呢？",
  "afterUseItem_6": "脉动瓶子，容量600ml",
  "open_1": "嗯？这好像是个地面开关",
  "open_2": "太好了，这个插孔是有电的，可以用来烧水",
  "open_3": "水壶已经放上去了...该怎么烧水、烧多少水呢？",
  "open_4": "水壶底座已经插上去了",
  "open_5": "这个电源插孔不知道能不能用...",
  "handleB600OrB330From_1": "瓶子里没有水，不能倒入330ml易拉罐中",
  "handleB600OrB330From_2": "330ml易拉罐已经装满水了，不能再往里倒了",
  "handleB600OrB330From_3": "将水全都倒进330ml易拉罐里，瓶子空了",
  "handleB600OrB330From_4": "将水全都倒进330ml易拉罐里，易拉罐里倒满了水",
  "handleB600OrB330From_5": "易拉罐里没有水，不能倒入600ml瓶子中",
  "handleB600OrB330From_6": "600ml瓶子已经装满水了，不能再往里倒了",
  "handleB600OrB330From_7": "将水全都倒进600ml瓶子里，易拉罐空了",
  "handleB600OrB330From_8": "将水倒进600ml瓶子里，瓶子里装满了水",
  "handleB330OrKettleFrom_1": "水壶中的水已经烧开了",
  "handleB330OrKettleFrom_2": "易拉罐里没有水，不能倒入水壶中",
  "handleB330OrKettleFrom_3": "水壶里的水太多了，不能再往里倒了",
  "handleB330OrKettleFrom_4": "把易拉罐里的水都倒入水壶里了",
  "handleB330OrKettleFrom_5": "水壶里没有水，不能倒入易拉罐中",
  "handleB330OrKettleFrom_6": "330ml易拉罐已经满了，不能再往里倒水了",
  "handleB330OrKettleFrom_7": "将水全都倒进330ml易拉罐里，水壶空了",
  "handleB330OrKettleFrom_8": "将水倒进330ml易拉罐里，易拉罐里装满了水",
  "handleB600OrKettleFrom_1": "水壶中的水已经烧开了",
  "handleB600OrKettleFrom_2": "瓶子里没有水，不能倒入水壶中",
  "handleB600OrKettleFrom_3": "水壶里的水太多了，再倒就冒了",
  "handleB600OrKettleFrom_4": "把瓶子里的水都倒入水壶里了",
  "handleB600OrKettleFrom_5": "水壶里没有水，不能倒入600ml瓶子中",
  "handleB600OrKettleFrom_6": "600ml瓶子已经满了，不能再往里倒水了",
  "handleB600OrKettleFrom_7": "将水全都倒进600ml瓶子里，水壶空了",
  "handleB600OrKettleFrom_8": "将水倒进600ml瓶子里，瓶子里装满了水",
  "kettleClear_1": "水壶已经是空的了",
  "kettleClear_2": "水都倒掉了",
  "kettleBoiling_1": "水壶里没有水，现在还不能烧水",
  "kettleBoiling_2": "正在烧水...",
  "delay_1": "水已经烧开了",
  "b330Clear_1": "将易拉罐里的水都倒掉了",
  "b330Clear_2": "易拉罐里没有水可以倒掉",
  "b330Fill_1": "整个屋子里一个出水的地方都没有，去哪里加水呢？",
  "b330Fill_2": "把易拉罐加满水",
  "b330Fill_3": "易拉罐里已经装满水了",
  "b600Clear_1": "将瓶子里的水都倒掉了",
  "b600Clear_2": "瓶子已经是空的了",
  "b600Fill_1": "整个屋子里一个出水的地方都没有，去哪里加水呢？",
  "b600Fill_2": "把瓶子加满水",
  "b600Fill_3": "瓶子里已经装满水了",
  "b330Change_1": "在这里可以烧一定容量的开水 (点击箭头，可以将水倒入其他容器)"
}
