{
  "handleSwipeFrom_1": "덮개를 여세요",
  "fill": "추가",
  "clear": "붓다",
  "boiling": "끓다",
  "afterUseItem_1": "포트 밑받침을 이 소켓에 꼽아보세요",
  "afterUseItem_2": "포트를 올려보세요. 이 전원소켓에 전기가 통하여 물을 끓일 수 있기를 바랍니다",
  "afterUseItem_3": "캔을 꺼내고...병을 꺼냈는데 얼마의 물을 끓여야 하지?",
  "afterUseItem_4": "7 Up 캔, 용량 330ml",
  "afterUseItem_5": "Mizone병을 꺼내고... 병을 꺼냈는데 얼마의 물을 끓여야 하지?",
  "afterUseItem_6": "Mizone병, 용량 600ml",
  "open_1": "어? 이건 지면 스위치인 것 같습니다",
  "open_2": "잘됐다. 이 소켓에 전기가 통하니 물을 끓일 수 있습니다",
  "open_3": "포트를 이미 올려놓았습니다. 어떻게 끓이고 얼마를 끓여야 하지?",
  "open_4": "포트 밑받침을 꼽았습니다",
  "open_5": "이 전원 소켓을 쓸 수 있을지 모르겠습니다",
  "handleB600OrB330From_1": "병에 물이 없어 330ml 캔에 물을 쏟아 넣을 수 없습니다",
  "handleB600OrB330From_2": "330ml 캔에 이미 물이 가득합니다. 더 넣을 수 없습니다",
  "handleB600OrB330From_3": "물을 모두 330ml 캔에 부어 넣었습니다. 병이 비었습니다",
  "handleB600OrB330From_4": "물을 모두 330ml 캔에 부어 넣었습니다. 캔에 물이 가득합니다",
  "handleB600OrB330From_5": "캔에 물이 없어 600ml 병에 부어 넣을 수 없습니다",
  "handleB600OrB330From_6": "600ml병에 이미 물이 가득하여 더 넣을 수 없습니다",
  "handleB600OrB330From_7": "물을 전부 600ml 병에 부었습니다. 캔이 비었습니다",
  "handleB600OrB330From_8": "물을 600ml 병에 부었습니다. 병에 물이 가득합니다",
  "handleB330OrKettleFrom_1": "포트에 물이 이미 끓었습니다",
  "handleB330OrKettleFrom_2": "캔에 물이 없습니다. 포트에 부을 수 없습니다",
  "handleB330OrKettleFrom_3": "포트에 물이 너무 많아 더 붓지 못합니다",
  "handleB330OrKettleFrom_4": "캔의 물을 모두 포트에 부었습니다",
  "handleB330OrKettleFrom_5": "포트에 물이 없어 캔에 부을 수 없습니다",
  "handleB330OrKettleFrom_6": "330ml 캔이 이미 물이 가득합니다. 더 부을 수 없습니다",
  "handleB330OrKettleFrom_7": "물을 전부 330ml 캔에 부었습니다. 포트가 비었습니다",
  "handleB330OrKettleFrom_8": "물을 330ml 캔에 부었습니다. 캔에 물이 가득합니다",
  "handleB600OrKettleFrom_1": "포트에 물이 이미 끓었습니다",
  "handleB600OrKettleFrom_2": "병에 물이 없어 포트에 부을 수 없습니다",
  "handleB600OrKettleFrom_3": "포트에 물이 너무 많습니다. 더 부으면 넘쳐납니다",
  "handleB600OrKettleFrom_4": "병에 있는 물을 모두 포트에 부었습니다",
  "handleB600OrKettleFrom_5": "포트에 물이 없어 600ml 병에 부을 수 없습니다",
  "handleB600OrKettleFrom_6": "600ml 병에 물이 이미 가득합니다. 더 이상 부을 수 없습니다",
  "handleB600OrKettleFrom_7": "물을 전부 600ml병에 부었습니다. 포트가 비었습니다",
  "handleB600OrKettleFrom_8": "물을 600ml 병에 부었습니다. 병에 물이 가득합니다",
  "kettleClear_1": "포트가 이미 비었습니다",
  "kettleClear_2": "물을 모두 쏟았습니다",
  "kettleBoiling_1": "포트에 물이 없어 아직 끓일 수 없습니다",
  "kettleBoiling_2": "물을 끓이는 중입니다...",
  "delay_1": "물이 이미 끓었습니다",
  "b330Clear_1": "캔에 있는 물을 모두 쏟습니다",
  "b330Clear_2": "캔에 쏟아 낼 물이 없습니다",
  "b330Fill_1": "온 방에 물이 나오는 곳이라고는 없는데 어디서 물을 구하지?",
  "b330Fill_2": "캔에 물을 담으세요",
  "b330Fill_3": "캔에 이미 물이 가득합니다",
  "b600Clear_1": "병에 물을 모두 버렸습니다",
  "b600Clear_2": "병이 이미 비었습니다",
  "b600Fill_1": "온 방에 물이 나오는 곳이라고는 없는데 어디서 물을 구하지?",
  "b600Fill_2": "병으로 물을 담으세요",
  "b600Fill_3": "병에 이미 물이 가득합니다",
  "b330Change_1": "여기서 일정한 용량의 물을 끓일 수 있습니다 (화살표를 클릭 기타 용기에 부을 수 있습니다)"
}
