{
  "handleSwipeFrom_1": "Flip the cover up.",
  "fill": "Fill",
  "clear": "Pour",
  "boiling": "Boil",
  "afterUseItem_1": "Plug the base of the kettle to this socket.",
  "afterUseItem_2": "Put the kettle on it. Hope this power socket has power to boil the water.",
  "afterUseItem_3": "Take out the pop can...All water containers are here. How much water should I boil?",
  "afterUseItem_4": "7 Up pop can. Capacity 330ml.",
  "afterUseItem_5": "Take out the Mizone bottle...All water containers are here. How much water should I boil?",
  "afterUseItem_6": "Mizone bottle. Capacity 600ml.",
  "open_1": "Huh? It seems a ground socket.",
  "open_2": "Great! This power socket has the power to boil water.",
  "open_3": "Kettle is on the base...What should I do to boil water? And how much should I boil?",
  "open_4": "The base of the kettle has already been plugged.",
  "open_5": "Hope this power socket has power...",
  "handleB600OrB330From_1": "Bottle is empty. Can't pour it to 330ml pop can.",
  "handleB600OrB330From_2": "330ml pop can is full of water. Can't be poured more.",
  "handleB600OrB330From_3": "Pour all water into 330ml pop can. The bottle is empty now.",
  "handleB600OrB330From_4": "Pour all water into 330ml pop can. The can is full of water now.",
  "handleB600OrB330From_5": "Pop can is empty. Can't pour it to 600ml bottle.",
  "handleB600OrB330From_6": "600ml bottle is full of water. Can't be poured more.",
  "handleB600OrB330From_7": "Pour all water into 600ml bottle. The can is empty now.",
  "handleB600OrB330From_8": "Pour all water into 600ml bottle. The bottle is full of water now.",
  "handleB330OrKettleFrom_1": "The water in the kettle is boiling.",
  "handleB330OrKettleFrom_2": "Pop can is empty. Can't pour it to the kettle.",
  "handleB330OrKettleFrom_3": "The kettle has too much water. Can't be poured more.",
  "handleB330OrKettleFrom_4": "Pour all water in the pop can into the kettle.",
  "handleB330OrKettleFrom_5": "Kettle is empty. Can't pour it to the pop can.",
  "handleB330OrKettleFrom_6": "330ml pop can is full of water. Can't be poured more.",
  "handleB330OrKettleFrom_7": "Pour all water into 330ml pop can. The kettle is empty now.",
  "handleB330OrKettleFrom_8": "Pour all water into 330ml pop can. The can is full of water now.",
  "handleB600OrKettleFrom_1": "The water in the kettle is boiling.",
  "handleB600OrKettleFrom_2": "Bottle is empty. Can't pour it to the kettle.",
  "handleB600OrKettleFrom_3": "The kettle has too much water. Can't be poured more.",
  "handleB600OrKettleFrom_4": "Pour all water in the bottle into the kettle.",
  "handleB600OrKettleFrom_5": "Kettle is empty. Can't pour it to 600ml bottle.",
  "handleB600OrKettleFrom_6": "600ml bottle is full of water. Can't be poured more.",
  "handleB600OrKettleFrom_7": "Pour all water into 600ml bottle. The kettle is empty now.",
  "handleB600OrKettleFrom_8": "Pour all water into 600ml bottle. The bottle is full of water now.",
  "kettleClear_1": "The kettle is already empty.",
  "kettleClear_2": "Water poured.",
  "kettleBoiling_1": "No water in the kettle. Can't boil it.",
  "kettleBoiling_2": "Heating up...",
  "delay_1": "Water is boiling.",
  "b330Clear_1": "Pour all water in the pop can.",
  "b330Clear_2": "No water in the pop can.",
  "b330Fill_1": "There's no coming water in the entire room. Where could I get water?",
  "b330Fill_2": "Fill the pop can with water.",
  "b330Fill_3": "The pop can is full of water.",
  "b600Clear_1": "Pour all water in the bottle.",
  "b600Clear_2": "Bottle is empty.",
  "b600Fill_1": "There's no coming water in the entire room. Where could I get water?",
  "b600Fill_2": "Fill the bottle with water.",
  "b600Fill_3": "The bottle is full of water.",
  "b330Change_1": "Here I can boil a certain amount of water. (Click on the arrow the to exchange water)"
}
