{
  "handleSwipeFrom_1": "蓋を開ける",
  "fill": "満たす",
  "clear": "流す",
  "boiling": "加熱",
  "afterUseItem_1": "ポットをこの電源ソケットにやってみて",
  "afterUseItem_2": "ポットを乗せた、このソケットが電力を供給できるように願う。お湯を沸かせて",
  "afterUseItem_3": "缶を取って...ボトルはすべて出して、どれだけのお湯を沸すか？",
  "afterUseItem_4": "7 Up の缶、容量は330mlである",
  "afterUseItem_5": "Mizoneボトルを取って...ボトルはすべて出して、どれだけのお湯を沸すか？",
  "afterUseItem_6": "Mizoneボトルで、容量は600mlである",
  "open_1": "ああ？これはグランド·スイッチであると思われる",
  "open_2": "よかった、このジャックは電気を使用することができるので、お湯を沸かす",
  "open_3": "ポットを乗せた...どうお湯を沸かすか、どれだけの水を焼くのか？",
  "open_4": "ポットを乗せた",
  "open_5": "このコンセントは使えるかな...",
  "handleB600OrB330From_1": "ボトルに水がない、330mlの缶に注げない",
  "handleB600OrB330From_2": "330mlの缶には水一杯で、もう注げない",
  "handleB600OrB330From_3": "水を全部330mlの缶に注ぐ、ボトルが空になった",
  "handleB600OrB330From_4": "水を全部330mlの缶に注ぐ、缶には水一杯になった",
  "handleB600OrB330From_5": "缶に水がない、600mlのボトルに注げない",
  "handleB600OrB330From_6": "600mlのボトルには水一杯で、もう注げない",
  "handleB600OrB330From_7": "水を全部600mlのボトルに注ぐ、缶が空になった",
  "handleB600OrB330From_8": "水を600mlのボトルに注ぐ、ボトルには水一杯になった",
  "handleB330OrKettleFrom_1": "ポットにある水が沸いた",
  "handleB330OrKettleFrom_2": "缶に水がない、ポットに注げない",
  "handleB330OrKettleFrom_3": "ポットに水が多過ぎで、もう注げない",
  "handleB330OrKettleFrom_4": "缶にある水を全部ポットに注ぐ",
  "handleB330OrKettleFrom_5": "ポットに水がない、缶に注げない",
  "handleB330OrKettleFrom_6": "330mlの缶に水がいっぱいで、もう注げない",
  "handleB330OrKettleFrom_7": "水を全部330mlの缶に注ぐ、ポットが空になった",
  "handleB330OrKettleFrom_8": "水を330mlの缶に注ぐ、缶には水一杯になった",
  "handleB600OrKettleFrom_1": "ポットにある水が沸いた",
  "handleB600OrKettleFrom_2": "ボトルに水がない、ポットに注げない",
  "handleB600OrKettleFrom_3": "ポットに水が多過ぎで、また注ぐと溢れる",
  "handleB600OrKettleFrom_4": "ボトルにある水を全部ポットに注いだ",
  "handleB600OrKettleFrom_5": "ポットに水がない、600mlのボトルに注げない",
  "handleB600OrKettleFrom_6": "600mlのボトルには水一杯で、もう注げない",
  "handleB600OrKettleFrom_7": "水を全部600mlのボトルに注いで、ポットは空になった",
  "handleB600OrKettleFrom_8": "水を600mlのボトルに注ぐ、ボトルには水一杯になった",
  "kettleClear_1": "ポットは既に空になった",
  "kettleClear_2": "水を全部流した",
  "kettleBoiling_1": "ポットに水がない、今は加熱できない",
  "kettleBoiling_2": "加熱中...",
  "delay_1": "水がわいた",
  "b330Clear_1": "缶にある水を全部流す",
  "b330Clear_2": "缶に流せる水がない",
  "b330Fill_1": "部屋中蛇口がない、どこから水を得るのか？",
  "b330Fill_2": "缶に水を入れる",
  "b330Fill_3": "缶には水がいっぱいになった",
  "b600Clear_1": "ボトルにある水を全部流す",
  "b600Clear_2": "ボトルは空になった",
  "b600Fill_1": "部屋中蛇口がない、どこから水を得るのか？",
  "b600Fill_2": "ボトルに水を入れる",
  "b600Fill_3": "ボトルには水がいっぱいになった",
  "b330Change_1": "ここは一定量の水を加熱できる (矢印をクリック、水を他の容器に注げる)"
}
