{
  "shock": "防狼手电，既可当手电用，也可用作自卫电击器",
  "bulb": "灯泡",
  "battery": "电动自行车的电瓶，巨沉无比",
  "ultralight": "紫外线手电",
  "luggage": "一个行李箱",
  "pencil": "一支铅笔",
  "pencil=2": "一支已经削好的铅笔",
  "knife": "一把已经钝得不行了的小刀",
  "knife=2": "一把锋利的小刀",
  "keyb": "一把钥匙",
  "envelope": "一个信封，没有封口",
  "card": "一张房卡，写着838字样"
}
