{
  "shock": "방어용 전동. 손전등으로도 사용할 수 있고, 호위용 전기충격기로도 사용할 수 있습니다",
  "bulb": "전등",
  "battery": "전기 자전거의 축전지. 매우 무겁습니다",
  "ultralight": "자외선 손전등",
  "luggage": "여행가방 하나",
  "pencil": "연필 한 자루",
  "pencil=2": "날카롭게 연필",
  "knife": "매우 무딘 작은 칼",
  "knife=2": "샤프 주머니칼",
  "keyb": "열쇠 하나",
  "envelope": "봉투 하나. 봉하여 있지 않습니다",
  "card": "방 카드 한장. 8383이라고 적혀있습니다"
}
