{
  "shock": "スタンガン、懐中電灯でもあり、自己防衛もうできる",
  "bulb": "電球",
  "battery": "電動自転車のバッテリー、重い",
  "ultralight": "紫外線懐中電灯",
  "luggage": "トランク",
  "pencil": "鉛筆",
  "pencil=2": "シャープに鉛筆",
  "knife": "刃が鈍過ぎったナイフ",
  "knife=2": "シャープポケットナイフ",
  "keyb": "鍵",
  "envelope": "封止されていない封筒",
  "card": "ルームカード、838と書いてある"
}
