{
  "beforeLoad_1": "クリアおめでとうございます！",
  "beforeLoad_2": "クリア時間：",
  "beforeLoad_3": "面白かった？五つ星の評価はよろしく頼むよ",
  "beforeLoad_4": "登場車 - BMW3シリーズ (2010)",
  "beforeLoad_5": "事件の後に",
  "beforeLoad_6": "助けてくれる人は",
  "beforeLoad_7": "学生時代の同級生のHowardだ",
  "beforeLoad_8": "今彼は私立探偵を営んでいる",
  "beforeLoad_9": "なかなか凄腕らしい",
  "beforeLoad_10": "彼に調べてもらう",
  "beforeLoad_11": "きっとMikeを見つけるはずだ",
  "beforeLoad_12": "すぐHowardに連絡した",
  "beforeLoad_13": "電話で何も言わないで",
  "beforeLoad_14": "今すぐに彼が住んでいる町に飛んでいけと指示された",
  "beforeLoad_15": "彼によれば",
  "beforeLoad_16": "私は誰かに狙われている",
  "beforeLoad_17": "電話も盗聴されているかもしれない",
  "beforeLoad_18": "ということで",
  "beforeLoad_19": "今夜の飛行機チケットを手配した",
  "beforeLoad_20": "尾行されないように注意を払いながら",
  "beforeLoad_21": "Howardが住んでいる町に飛んでいった…",
  "beforeLoad_22": "一体どんな事件に陥ったのか…引き続いてチャプター3をお楽しみに",
  "beforeLoad_23": "(チャプターをクリアする度に少し休もう、健康を大切にしてね~)"
}