{
  "beforeLoad_1": "恭喜您通关！",
  "beforeLoad_2": "本次通关耗时：",
  "beforeLoad_3": "玩的开心吗？去给我们5星级评价吧！",
  "beforeLoad_4": "本章出场车辆 - 宝马3系 (2010)",
  "beforeLoad_5": "事情后续",
  "beforeLoad_6": "能够帮到我的人",
  "beforeLoad_7": "是我的小学同学小华",
  "beforeLoad_8": "小华长大了做了私家侦探",
  "beforeLoad_9": "能力强，人脉广",
  "beforeLoad_10": "让他介入来调查此事",
  "beforeLoad_11": "一定能够帮我找到小明",
  "beforeLoad_12": "很快我便与小华取得了联络",
  "beforeLoad_13": "小华在电话里让我什么都不要说",
  "beforeLoad_14": "即刻飞去他所在的城市",
  "beforeLoad_15": "因为在小华看来",
  "beforeLoad_16": "我可能已经被盯上了",
  "beforeLoad_17": "电话是不安全的",
  "beforeLoad_18": "就这样",
  "beforeLoad_19": "我买了半夜起飞的航班",
  "beforeLoad_20": "在确保没有人跟踪我的情况下",
  "beforeLoad_21": "飞到了小华所在的城市...",
  "beforeLoad_22": "欲知详情，请继续玩第三章！",
  "beforeLoad_23": "(友情提醒：天色已晚，玩归玩，要注意身体哦！)"
}