{
  "beforeLoad_1": "축하합니다, 통과하였습니다!",
  "beforeLoad_2": "이번 통관 사용시간: ",
  "beforeLoad_3": "재밌었나요? 5개 별 평가를 해주세요!",
  "beforeLoad_4": "이번 장 출연 차량 - BMW 3 시리즈 (2010)",
  "beforeLoad_5": "사건 후속",
  "beforeLoad_6": "도움을 줄 수 있는 사람",
  "beforeLoad_7": "바로 나의 초등학교 동창Howard",
  "beforeLoad_8": "Howard가 커서 사립탐정이 되었습니다",
  "beforeLoad_9": "능력이 있고, 인맥이 넓습니다",
  "beforeLoad_10": "그더러 이번일을 조사해달라고 해야 되겠습니다",
  "beforeLoad_11": "나를 도와Mike를 찾아줄 수 있을 것입니다",
  "beforeLoad_12": "얼마 안되어Howard와 연락을 가지게 되었습니다",
  "beforeLoad_13": "Howard는 전화에서 나보고 아무말도 하지 말고",
  "beforeLoad_14": "지금 당장 그가 있는 도시로 오라고 했습니다",
  "beforeLoad_15": "왜냐하면Howard가 보기에",
  "beforeLoad_16": "누군가가 이미 나를 지켜보고 있을 수 있기때문에",
  "beforeLoad_17": "전화는 안전하지 않았습니다",
  "beforeLoad_18": "하여",
  "beforeLoad_19": "나는 밤 비행기로",
  "beforeLoad_20": "누군가가 나를 미행하지 않고 있음을 확신한 후에",
  "beforeLoad_21": "Howard가 있는 도시로 왔습니다…",
  "beforeLoad_22": "상세한 내용은 제3장에서!",
  "beforeLoad_23": "(안내사항:밤이 깊어졌으니, 놀면서 건강도 챙겨야 합니다!)"
}