{
  "beforeLoad_1": "Clear! Congratulations!",
  "beforeLoad_2": "Consuming Time：",
  "beforeLoad_3": "Have fun? Don't forget to give us 5 rating stars!",
  "beforeLoad_4": "The Car of This Chapter - BMW 3 Series (2010)",
  "beforeLoad_5": "Follow-Up",
  "beforeLoad_6": "The man who's capable to help me",
  "beforeLoad_7": "Is my primary school classmate, Howard",
  "beforeLoad_8": "Howard is a famous private detective",
  "beforeLoad_9": "Professional and has a wide network of contacts",
  "beforeLoad_10": "With his help",
  "beforeLoad_11": "We can definitely find out where Mike is",
  "beforeLoad_12": "Soon I made ​​contact with Howard",
  "beforeLoad_13": "Howard told me not to say even a word on the phone",
  "beforeLoad_14": "Instead, he asked me to fly to the city where he is",
  "beforeLoad_15": "Because in Howard's opinion",
  "beforeLoad_16": "I probably have been watchd for a long time",
  "beforeLoad_17": "The phone is unsafe",
  "beforeLoad_18": "so",
  "beforeLoad_19": "I chose a red-eye flight",
  "beforeLoad_20": "Made sure no one was following me",
  "beforeLoad_21": "Flew to the city where Howard is...",
  "beforeLoad_22": "For more information, please continue to play Chapter 3!",
  "beforeLoad_23": "(Hint: It's late night. We appreciate you enjoying the game but please take care yourself.)"
}