{
  "beforeLoad_1": "Clear! Congratulations!",
  "beforeLoad_2": "Consuming Time：",
  "beforeLoad_3": "Have fun? Don't forget to give us 5 rating stars!",
  "beforeLoad_4": "The Car of This Chapter - Buick MPV (2012)",
  "beforeLoad_5": "Follow-Up",
  "beforeLoad_6": "I was supposed to be safe in the hotel",
  "beforeLoad_7": "But I was trapped in the room and can't get out",
  "beforeLoad_8": "What's going on?",
  "beforeLoad_9": "Am I being followed?",
  "beforeLoad_10": "Someone did some tricks to my door?",
  "beforeLoad_11": "For more information, please continue to play Chapter 4!",
  "beforeLoad_12": "(Hint: It's late night. We appreciate you enjoying the game but please take care yourself.)"
}