{
  "beforeLoad_1": "축하합니다, 통과하였습니다!",
  "beforeLoad_2": "이번 통관 사용시간: ",
  "beforeLoad_3": "재밌었나요? 5개 별 평가를 해주세요!",
  "beforeLoad_4": "이번 장 출연 차량 - Buick MPV (2012)",
  "beforeLoad_5": "사건 후속",
  "beforeLoad_6": "원래 안전해진 나인데",
  "beforeLoad_7": "호텔 방에 갇혀 나가지 못하고 있습니다",
  "beforeLoad_8": "이게 어찌된 일일까요?",
  "beforeLoad_9": "누군가가 나를 미행하고 있는건가?",
  "beforeLoad_10": "누군가가 나의 방에 손을 쓴것일까?",
  "beforeLoad_11": "상세한 내용은 제4장에서!",
  "beforeLoad_12": "(안내사항:밤이 깊어졌으니, 놀면서 건강도 챙겨야 합니다!)"
}