{
  "beforeLoad_1": "恭喜您通关！",
  "beforeLoad_2": "本次通关耗时：",
  "beforeLoad_3": "玩的开心吗？去给我们5星级评价吧！",
  "beforeLoad_4": "本章出场车辆 - 别克GL8 (2012)",
  "beforeLoad_5": "事情后续",
  "beforeLoad_6": "本来已经安全的我",
  "beforeLoad_7": "却困在酒店的房间里出不去了",
  "beforeLoad_8": "这是怎么一回事？",
  "beforeLoad_9": "难道我被人跟踪了？",
  "beforeLoad_10": "有人对我的房间做过手脚了？",
  "beforeLoad_11": "欲知详情，请继续玩第四章！",
  "beforeLoad_12": "(友情提醒：天色已晚，玩归玩，要注意身体哦！)"
}