{
  "beforeLoad_1": "クリアおめでとうございます！",
  "beforeLoad_2": "クリア時間：",
  "beforeLoad_3": "面白かった？五つ星の評価はよろしく頼むよ",
  "beforeLoad_4": "登場車 - Buick MPV (2012)",
  "beforeLoad_5": "事件の後に",
  "beforeLoad_6": "なんとか脱出を成功したのに…",
  "beforeLoad_7": "今度はホテルの部屋に閉じ込められた…",
  "beforeLoad_8": "一体どういうことだ！",
  "beforeLoad_9": "誰かに狙われているか？",
  "beforeLoad_10": "部屋は誰にトラップを仕掛けられたか？",
  "beforeLoad_11": "一体どんな事件に陥ったのか…引き続いてチャプター4をお楽しみに",
  "beforeLoad_12": "(チャプターをクリアする度に少し休もう、健康を大切にしてね~)"
}