{
  "flash": "小さな懐中電灯、一応使える",
  "wareroomkey": "操舵輪鍵、開けるドアはどこにあるのだろう",
  "slide": "透明ガラス板、真ん中に黒い点がある",
  "redkey": "赤いBMWの鍵",
  "oil": "BMW専用エンジンオイル",
  "fuse": "ヒューズみたいもの",
  "officekey": "G鍵、どこかにある特別なドアを開けるためのものだろう",
  "gatekey": "大きな鍵、大きなドアを開けるのだろう",
  "keybox": "透明箱にBMWの鍵が見える、でも開けられない",
  "spanner": "大きなスパナ、けっこう重い"
}
