{
  "flash": "작은 손전등, 대충 빛을 비출 수 있습니다",
  "wareroomkey": "하나의 열쇠, 어떤 문을 열 수 있을 것입니다",
  "slide": "투명한 유리편, 중간에 검은 점이 있습니다",
  "redkey": "붉은 색 BMW 차열쇠",
  "oil": "BMW 전용 기계유",
  "fuse": "중간이 투명하고 아래에 두개 핀이 달려있는데, 퓨즈인것 같습니다",
  "officekey": "이 열쇠는 쉽게 얻은 것이 아니기에, 어떤 중요한 문을 여는 것일 것입니다",
  "gatekey": "큰 열쇠 한개, 매우 큰 문을 여는 것일 것입니다",
  "keybox": "투명박스, 안에 BMW 차열쇠가 있는데 박스가 열리지 않습니다",
  "spanner": "대자 스패너, 무게가 갑니다"
}
