{
  "flash": "A small flashlight. Hope it works.",
  "wareroomkey": "A key of some door.",
  "slide": "A piece of glass with a small black point in the center.",
  "redkey": "A BMW car key. I hope it belongs to the red BMW.",
  "oil": "A bottle of BMW engine oil.",
  "fuse": "A tiny stuff with two electric claws. It seems like a fuse.",
  "officekey": "It's so hard to get this key. It's probably for an important door.",
  "gatekey": "A big key. It must fit a big door.",
  "keybox": "A transparent box with a BMW car key inside. It's very solid.",
  "spanner": "A queen-size wrench, very heavy."
}
