{
  "flash": "小手电，还凑合，能照出点亮光",
  "wareroomkey": "一把钥匙，也许可以打开某扇门",
  "slide": "透明的玻璃片，中间还有个黑乎乎的小点",
  "redkey": "红色的宝马车钥匙",
  "oil": "BMW专用机油",
  "fuse": "中间透明，下面有两个电爪，看起来像是个保险丝",
  "officekey": "这把钥匙来之不易，一定是用来打开某个重要的门",
  "gatekey": "一把大钥匙，一定是用来开很大很大的门",
  "keybox": "透明盒子，里面装着宝马车钥匙，可是盒子却打不开",
  "spanner": "一个大号扳手，分量够足"
}
