{
  "clickOpen_1": "아! 반응이 있습니다!",
  "clickOpen_2": "박스가 열렸습니다!",
  "clickOpen_3": "BMW 차열쇠 하나를 얻었습니다",
  "afterUseItem_1": "사용 스패너를 꺼내어…",
  "click_1": "박스에 아무것도 없습니다",
  "click_2": "이 물건은 폭파방지유리로 만든 것 같습니다",
  "click_3": "탄탄하게 밀봉되었고 열쇠 구멍을 넣을 공간도 없어 착수가 어렵습니다",
  "click_4": "차열쇠가 안에 있는 것을 보고도 꺼낼 수 가 없다니 정말 급합니다!",
  "click_5": "무조건 특별한 도구로 이것을 열 수 있는 것일 것입니다"
}
