{
  "clickOpen_1": "啊！有反应了！",
  "clickOpen_2": "盒子打开了！太好了！",
  "clickOpen_3": "得到了一把宝马车钥匙",
  "afterUseItem_1": "用这个大扳手试试看...",
  "click_1": "盒子里面没东西了",
  "click_2": "这东西像是用防暴玻璃做的，坚固无比",
  "click_3": "还密封得严严实实，连个锁孔都没有，想下手都没地方",
  "click_4": "眼看着车钥匙在里面却就是拿不到，真是急人！",
  "click_5": "一定是有个不同寻常的工具专门用来打开它的！"
}
