{
  "clickOpen_1": "Ah! It reacts!",
  "clickOpen_2": "The box is opened! Thank God!",
  "clickOpen_3": "Get a BMW car key.",
  "afterUseItem_1": "Try this big wrench, see if it could make the box react...",
  "click_1": "Nothing is in the box.",
  "click_2": "This little box seems to be made of some kind of special anti-riot glass. It's very solid and strong.",
  "click_3": "And it's sealed tightly. It even has no keyhole to unlock.",
  "click_4": "I can see the BMW car key is inside. But I just can't get it! Damn!",
  "click_5": "There must be some unusual tools to open it!"
}
