{
  "clickOpen_1": "ああっ！反応した！！",
  "clickOpen_2": "開けた！ ",
  "clickOpen_3": "BMW鍵を手に入れた",
  "afterUseItem_1": "スパナだを使ってみよう…",
  "click_1": "何もない",
  "click_2": "強化ガラスでできたようだ、頑丈すぎる",
  "click_3": "鍵穴さえもない、どうやって開けるんだ！",
  "click_4": "鍵は目の前にあるのに取れないなんて！！もうっ！！！",
  "click_5": "専用アイテムがあるはずだ！"
}
