{
  "flash": "完整的手电",
  "blue": "精致的透明小瓶，里面装着蓝色的液体",
  "key2": "看起来是宝马车钥匙，但是却缺了一个角，不能用",
  "flash2": "一个带弹簧的黑盖子，不知道干什么用的",
  "key1": "一把造型奇怪的钥匙",
  "flash1": "一些电池，和一个缺少了后盖的手电筒，不能用",
  "key": "完整的宝马车钥匙",
  "meter" : "一个数字仪表，接口看起来是12V车载电源规格的",
  "udisk": "U盘，不知道里面存了些什么东西"
}
