{
  "flash": "完成した懐中電灯",
  "blue": "綺麗なガラス瓶、中は青い液体だ",
  "key2": "BMWの鍵、欠損している、使えない",
  "flash2": "バネつきの黒い蓋、何のためのものだろう",
  "key1": "変な鍵",
  "flash1": "乾電池と電池蓋のない懐中電灯、これじゃ使えない",
  "key": "完成したBMWの鍵",
  "meter" : "デジタルメーター、12Vの車載電源に繋げそうだ",
  "udisk": "USBメモリ、中は何を保存しているのだろう"
}
