{
  "flash": "A complete flashlight.",
  "blue": "A small bottle full of blue liquid.",
  "key2": "An incomplete BMW car key with some part missing.",
  "flash2": "A black lid with a spring. Don't know what it is for.",
  "key1": "An unusual key with a weird shape.",
  "flash1": "Some batteries and an incomplete flashlight with the bottom missing.",
  "key": "A complete BMW car key.",
  "meter" : "A digital meter, which looks need a 12V power supply.",
  "udisk": "It's a USB memory stick but don't know what's in it."
}
