{
  "flash": "완정한 손전등",
  "blue": "정교한 작은 투명병, 안에 푸른 색 액체가 담겨져 있습니다",
  "key2": "BMW 차열쇠인 것 같은데 한 구석이 떨어져 나가 쓸 수가 없습니다",
  "flash2": "스프링이 달린 검은 커버, 어디에 쓰이는 것일가",
  "key1": "모양이 이상한 열쇠 하나",
  "flash1": "몇개 전지와 뒷 덮개가 없는 손전등, 쓸 수가 없습니다",
  "key": "완정한 BWM 차열쇠",
  "meter" : "디지털계기, 연결포트는 12V 차량용 전원 규격인 것 같아보입니다",
  "udisk": "USB메모리, 안에 무엇이 저장되어 있는지 모릅니다"
}
