{
  "afterLoad_1": "Ping, are you alright?",
  "afterLoad_2": "(Ping: I'm very sick in this dark narrow trunk! Get me outta here!!!)",
  "open_1": "Oh no! The button doesn't work at all...",
  "open_2": "This should be the switch of the trunk. Try pushing it...",
  "click_1": "(Ping: I sneaked into the trunk to follow the bad guys. But right now I can't open it!)",
  "click_2": "Don't worry. I will get you out.",
  "click_3": "(Ping: Please find a way of opening the trunk!)",
  "click_4": "Yes. I'll find the switch and get you outta here as soon as possible."
}