{
  "afterLoad_1": "小平，小平，你怎么样了？",
  "afterLoad_2": "(小平：我在后备厢里憋得好难受啊，快救我出去啊！！！)",
  "open_1": "靠，按下去一点反应都没有...",
  "open_2": "这个标志应该就是后备厢的开启开关了，按下试试...",
  "click_1": "(小平：我本来想跟踪下这个坏人，结果钻进后备厢后就再也出不来了...)",
  "click_2": "不怕不怕，别着急，我这就把后备厢打开救你出来",
  "click_3": "(小平：嗯，你想办法打开这个后备厢就行了)",
  "click_4": "好，我去找找后备厢开关在哪"
}