{
  "afterLoad_1": "Ping，Ping，괜찮나요?",
  "afterLoad_2": "(Ping：저 트렁크에서 너무 숨 막혀요. 빨리 저를 구해주세요!!!)",
  "open_1": "에이씨, 눌러도 반응이 없네...",
  "open_2": "이 표시가 트렁크를 여는 버튼일건데, 한번 눌러보세요...",
  "click_1": "(Ping：저 원래 나쁜 사람을 추적하려 하였는데, 결과 트렁크에서 나오지 못하고 있어요...)",
  "click_2": "무서워 하지말아요, 급해 말고 제가 구해줄게요",
  "click_3": "(Ping：네, 이 트렁크를 열 수 있는 방법을 찾아보세요)",
  "click_4": "네. 트렁크 버튼이 어디 있는지 한번 찾아볼게요"
}