{
  "afterLoad_1": "Ping、Ping、君は大丈夫？",
  "afterLoad_2": "（Ping：トランクでつらかった。早く助けて！！！）",
  "open_1": "くそ、押しても何の反応もうない...",
  "open_2": "このマックは、トランクのオープンブタンだ、押してみる...",
  "click_1": "（Ping：悪者を追跡したかったが、結局トランクに入ったら、でれなくなった...）",
  "click_2": "いよいよ、心配しないで、すぐに助けるから",
  "click_3": "（Ping：うん、このトランクを開ければいい）",
  "click_4": "分かった、トランクのスイッチを探す"
}