{
  "handleOpen_1": "肘掛けを下ろす...",
  "handleOpen_2": "仕切りを下ろす...わ、ここはトランクと繋がっている！よかった！",
  "afterLoad_1": "（Ping：速く助けて、ここは暑苦しから、私もう駄目だ...）",
  "afterLoad_2": "（Ping：速くトランクを開ける方法を考えて、つらいよ、ああ...）",
  "afterLoad_3": "（Ping：速く換気できる方法を考えて、窒息するよ、ああ...）",
  "afterUseItem_1": "Ping、この小さなランプを挙げる、どうにか使って",
  "open_1": "バックシートの肘掛けを下ろして...え？ここはトランクと繋がるみたい （指でスライドして、仕切りを下ろす）",
  "open_2": "（指でスライドして、肘掛けを下ろす）",
  "firstPlot_1": "安心して、必ず助けるから！",
  "firstPlot_2": "（Ping：私はあなたの決意を疑っていない、ただあなたのIQを疑っている...）",
  "firstPlot_3": "くそ...脱出したくないなの？",
  "normalPlot_1": "Ping、Ping、生きているか？...",
  "normalPlot_2": "（Ping：アホ、良い言葉をしゃべれないのか...早く助けて！！！）",
  "normalPlot_3": "方法を考えているよ！じゃあ、ここから這ってみて？",
  "normalPlot_4": "（Ping：駄目だ、この穴は小さいすぎる、出れない...）",
  "normalPlot_5": "分かった...そうだ、君もトランクで私に役に立つものを探してみて",
  "normalPlot_6": "（Ping：ここは暗くて、何も見えない！ランプをくれ、私がよく探してみる）",
  "normalPlot_7": "ランプがないよ！適当に触ってみてもだめなの？",
  "normalPlot_8": "（Ping：速くランプをくれ、ものを探してあげる）",
  "normalPlot_9": "（Ping：全部触った、何もない。ランプをくれれば、隠し場所をチェックできるよ！）",
  "lampTip_1": "（Ping：ランプを見つけた？ここにあるものがあるらしい。しかし、私はそれを取れない。ランプで照らしてよく見ないと）",
  "lampTip_2": "Ping、速く出て!ランプを見つけた！",
  "lampTip_3": "（Ping：偉い！速くランをくれ。私も何かを見つけたようだ）",
  "lampAfter_1": "（Ping：待ってて...）",
  "lampAfter_2": "（Ping：ああ！やっと取れた！これ挙げる！）",
  "lampAfter_3": "AUXケーブルを入手した",
  "lampAfter_4": "（Ping:トランクに他のものもうないよ、速く私を出せる方法を考えて！ここはつらいよ！！！）",
  "lampAfter_5": "分かった！大声で叫ぶな、方法を考えているよ！",
  "angryPlot_1": "（Ping：肘掛けを閉めないで！窒息で死ぬよ！助けて～～ううう～～）",
  "afterWhile": "すぐに..."
}
