{
  "handleOpen_1": "放下扶手...",
  "handleOpen_2": "放下挡板...哇，这里跟后备厢打通了！太好了！",
  "afterLoad_1": "(小平：快点救我出去，这里面好闷，我快不行了...)",
  "afterLoad_2": "(小平：快想办法把后备厢打开，我好难受，啊...)",
  "afterLoad_3": "(小平：快想办法让我透透气，我快闷死了，啊...)",
  "afterUseItem_1": "小平，给你这盏小灯，凑合用吧",
  "open_1": "放下后座扶手...咦？这里好像能通往后备厢 (滑动手指，放下挡板)",
  "open_2": "(滑动手指，放下扶手)",
  "firstPlot_1": "你放心，我一定把你救出去！",
  "firstPlot_2": "(小平：我不怀疑你的决心，我只怀疑你的智商，嗯...)",
  "firstPlot_3": "靠...你还想不想出来了？",
  "normalPlot_1": "小平，小平，你还活着呢吗？...",
  "normalPlot_2": "(小平：靠，你会说人话不...快点救我出来！！！)",
  "normalPlot_3": "我这不正想办法呢嘛！要不你先试试从这里爬出来？",
  "normalPlot_4": "(小平：不行，这口太小了，我爬出不来...)",
  "normalPlot_5": "那好吧...对了，你在后备厢里也找找看有没有什么东西，也许能帮到我",
  "normalPlot_6": "(小平：这里太黑了我什么都看不见啊！你给我个灯，让我仔细找找)",
  "normalPlot_7": "我没有灯啊，唉！你就不能随手到处摸摸吗？",
  "normalPlot_8": "(小平：快把灯给我，我给你找东西)",
  "normalPlot_9": "(小平：我都摸过了，没东西，你得给我个灯我才能发现有没有隐藏的地方啊！)",
  "lampTip_1": "(小平：灯找到了吗？我感觉有个地方似乎有东西，但我拿不出来，我需要灯仔细看看)",
  "lampTip_2": "小平，快出来！我找到灯了！",
  "lampTip_3": "(小平：你真棒！快把灯给我，我似乎发现什么了)",
  "lampAfter_1": "(小平：你等着...)",
  "lampAfter_2": "(小平：啊！终于拿出来了！这个给你！)",
  "lampAfter_3": "得到一根AUX连接线",
  "lampAfter_4": "(小平：后备厢里没别的东西了，快想办法救我出去啊！这里好难受啊！！！)",
  "lampAfter_5": "知道啦！别嚷嚷，越嚷嚷我头越大，我这不正绞尽脑汁想办法呢么！",
  "angryPlot_1": "(小平：不要把挡板关上啊！我会闷死的！救命啊~~~呜呜呜~~~)",
  "afterWhile": "不一会儿..."
}
