{
  "handleOpen_1": "Put down the armrest...",
  "handleOpen_2": "Put down the lid...Wow, it's connected to the trunk! Good!",
  "afterLoad_1": "(Ping: Get me outta here. It's so stuffy. I'm dying...",
  "afterLoad_2": "(Ping: Open the trunk! I'm so sick...)",
  "afterLoad_3": "(Ping: Find some way and get me some fresh air! I'm going to choke...",
  "afterUseItem_1": "Ping, here's a lamp. Use it.",
  "open_1": "Put down the armrest...Huh? This area seems lead to the trunk. (Try swiping finger)",
  "open_2": "(Try swiping finger)",
  "firstPlot_1": "Don't worry. I'll get you out!",
  "firstPlot_2": "(Ping: I have no doubt about your courage. But I am not sure if you are wise enough...)",
  "firstPlot_3": "What?! Have some faith on me! I'll get you out! I promise!",
  "normalPlot_1": "Ping, are you dead yet? ...",
  "normalPlot_2": "(Ping: Stop joking on me! Get me outta here!)",
  "normalPlot_3": "I'm working on it! Why not you try this hole?",
  "normalPlot_4": "(Ping: No, this hole is too small. I can't go through it.)",
  "normalPlot_5": "All right. Oh yes, why don't you find me something in the trunk? It may help me.",
  "normalPlot_6": "(Ping: It's too dark here and I can't see anything. Give me some light and I'll take a look.)",
  "normalPlot_7": "I have no lights right now. Can you just touch everywhere you can?",
  "normalPlot_8": "(Ping: Give me some light. I'll find you something.)",
  "normalPlot_9": "(Ping: I tried. Nothing here. Maybe something is hidden but I need some light to see!)",
  "lampTip_1": "(Ping: Have you found any light? I think there's something but I can't get it out. I need some light to see.)",
  "lampTip_2": "Ping, I find a light!",
  "lampTip_3": "(Ping: Good! Give me your light. I think I find something.)",
  "lampAfter_1": "(Ping: Wait a second...)",
  "lampAfter_2": "(Ping: That's it! Here you are!)",
  "lampAfter_3": "Get an AUX cable.",
  "lampAfter_4": "(Ping: There's nothing more in the trunk. Get me outta here! I can't take it any more!)",
  "lampAfter_5": "I know, I know. Stop shouting. I'm getting headache by your shout. I'm trying!",
  "angryPlot_1": "(Ping: Don't close the lid! I'll die! Save me!!!)",
  "afterWhile": "After a while..."
}
