{
  "handleOpen_1": "팔걸이를 내리세요...",
  "handleOpen_2": "칸막이를 내리니...와, 여기와 트렁크가 연결되었어요! 잘 됐다!",
  "afterLoad_1": "(Ping：빨리 구해주세요. 여기 너무 숨막혀서 죽을 것 같아요...)",
  "afterLoad_2": "(Ping：빨리 트렁크를 열어주세요. 힘들어요, 아...)",
  "afterLoad_3": "(Ping：빨리 공기를 마시게 해주세요, 숨 막혀 죽을 것 같아요, 아...)",
  "afterUseItem_1": "Ping, 이 등을 줄테니, 대수 사용해요",
  "open_1": "뒷좌석 팔걸이를 내리니...어? 트렁크로 연결하는 곳이 있네 (손가락으로 밀어 칸막이를 내리세요)",
  "open_2": "(손가락으로 밀어 팔걸이를 내리세요)",
  "firstPlot_1": "걱정말아요. 제가 꼭 구해줄게요!",
  "firstPlot_2": "(Ping：결심은 의심안 하는데, 당신의 IQ가 의심스럽네요. 음...)",
  "firstPlot_3": "이런...나오고 싶은거 맞아요?",
  "normalPlot_1": "Ping，Ping，살아있나요?...",
  "normalPlot_2": "(Ping：이런, 말을 어떻게 하나요...빨리 구해줘요!!!)",
  "normalPlot_3": "지금 생각하고 있잖아요! 여기로 먼저 나와볼래요?",
  "normalPlot_4": "(Ping：안 되요, 이 구멍이 너무 작아서 나갈 수가 없어요...)",
  "normalPlot_5": "알았어요... 아 맞다. 트렁크에 무슨 물건이 없나 찾아봐요. 제게 도움이 될 수 있으니",
  "normalPlot_6": "(Ping：여기 너무 어두워서 아무것도 안 보여요! 등이라도 줘봐요, 자세히 보게)",
  "normalPlot_7": "등이 없어요, 나참! 그냥 손으로 만져보면 안 되나요?",
  "normalPlot_8": "(Ping：빨리 등을 좀 줘봐요. 뭐가 있나 찾아볼게요)",
  "normalPlot_9": "(Ping：만져보았는데, 아무것도 없어요. 등을 줘야 숨겨진 곳이 있는지를 찾죠!)",
  "lampTip_1": "(Ping：등을 찾았나요? 여기 한 곳에 무언가가 있는 것 같은데 잡히지 않아요. 등이 있어야 되요)",
  "lampTip_2": "Ping，빨리 나와봐요! 등을 찾았어요!",
  "lampTip_3": "(Ping：잘했어요! 빨리 등을 줘봐요. 무언가를 찾은 것 같아요)",
  "lampAfter_1": "(Ping：기다려요...)",
  "lampAfter_2": "(Ping：아! 드디어 꺼냈어요! 여기요!)",
  "lampAfter_3": "AUX 케이블 하나를 얻었습니다",
  "lampAfter_4": "(Ping：트렁크에 다른 무엇도 없어요, 빨리 구해줘요! 힘들어 죽을 것 같아요!!!)",
  "lampAfter_5": "알았어요! 소리 지르지 마요, 그럴수록 정신 사나우니까. 지금 방법을 찾고 있잖아요!",
  "angryPlot_1": "(Ping：칸막이를 닫지 말아요! 숨막혀 죽을 것 같아요! 살려주세요~~~흐흐흑~~~)",
  "afterWhile": "얼마 안 지나..."
}
