{
  "oneDelay_1": "Ahhhh!!! The trunk opened!!!",
  "onePlot_1": "Look how pity Ping is...",
  "onePlot_2": "(Ping: I'm so terrible...)",
  "onePlot_3": "You had a bad time. Come on out!",
  "twoDelay_1": "(Ping: I was almost choked to death...)",
  "twoPlot_1": "No, you won't.",
  "twoPlot_2": "(Ping: No...No...I feel so sick...)",
  "threeDelay_1": "(Ping: I feel my head is blowing...Oh no, I might puke anytime...)",
  "threePlot_1": "You can't continue to follow the bad guys. Let me send you home now!",
  "threePlot_2": "(Ping: No, I'll go home myself. You go to rescue Mike. I think I know where he is.)",
  "threePlot_3": "Okay. I'll go to Mike right now. Take care of yourself.",
  "threePlot_4": "(Ping: Wait! Take this. It could be useful for you...)"
}