{
  "oneDelay_1": "아! 트렁크가 드디어 열렸습니다!",
  "onePlot_1": "아이고, Ping의 불쌍한 모습을 보세요...",
  "onePlot_2": "(Ping：흐흑~ 죽을 것 같아요...)",
  "onePlot_3": "정말 고생했어요. 빨리 나오세요",
  "twoDelay_1": "(Ping：아이고, 죽을뻔 했네...)",
  "twoPlot_1": "수고했어요, 수고했어요...",
  "twoPlot_2": "(Ping：아~아~이상해...)",
  "threeDelay_1": "(Ping：아아, 어지러워요. 산소가 부족한 것 같아요. 아, 토하고 싶어...)",
  "threePlot_1": "지금 이대로는 더 이상 조사를 할 수 없어요. 집으로 데려다 드릴게요!",
  "threePlot_2": "(Ping：아니에요. 저절로 갈 테니, 빨리 Mike를 구하러 가세요. Mike가 어디게 갇혔는지 이미 조사해냈어요)",
  "threePlot_3": "그럼 주소를 알려줘요. 혼자 조심하고 저는 그럼 Mike 구하러 갈게요",
  "threePlot_4": "(Ping：잠시만요! 이거 가지고 가세요. 쓸모가 있을 수 있으니...)"
}