{
  "oneDelay_1": "啊！后备厢打开了！",
  "onePlot_1": "哎呀，看小平这个可怜的样子...",
  "onePlot_2": "(小平：呜呜~难受死了...)",
  "onePlot_3": "真是辛苦你了，快出来吧",
  "twoDelay_1": "(小平：哎妈，可把我憋死了...)",
  "twoPlot_1": "幸苦了，幸苦了...",
  "twoPlot_2": "(小平：诶~诶~不对劲...)",
  "threeDelay_1": "(小平：啊啊，头好晕，缺氧了缺氧了，我不行了，我想吐...)",
  "threePlot_1": "你这个样子没法再继续调查了，我送你回家休息吧！",
  "threePlot_2": "(小平：不，我自己回去，你赶快去救小明，我已经调查到小明被关在哪里了)",
  "threePlot_3": "那好吧，你把地址发给我，你自己路上小心，我这就去救小明",
  "threePlot_4": "(小平：等下！你把这个拿着，可能会用得上...)"
}