{
  "oneDelay_1": "ああ！トランクがついに開けられた！",
  "onePlot_1": "ああ、可哀そうなPing...",
  "onePlot_2": "（Ping：うう～つらかった...）",
  "onePlot_3": "御苦労さま、速く出てください",
  "twoDelay_1": "（Ping：あ、窒息で、死ぬと思った...）",
  "twoPlot_1": "御苦労...御苦労...",
  "twoPlot_2": "（Ping：ええええ〜〜変だ...）",
  "threeDelay_1": "（Ping：ああ、眩暈する、私は駄目だ、吐きたい...）",
  "threePlot_1": "これで調査を続行できない、君を家まで送ろうか！",
  "threePlot_2": "（Ping：いいえ、私は自分で戻る。あなたは速くMikeを助けに行け。私はMikeが拘置された場所を見つけた）",
  "threePlot_3": "わかった、住所を教えて、君は気を付けるのだ。私はMikeを助けに行く",
  "threePlot_4": "（Ping：待って！これを持って行け、役に立つかもしれない...）"
}