{
  "afterLoad_1": "The wheel is spinning...",
  "afterUseItem_1": "Put the penknife here. Burnish it more.",
  "afterUseItem_2": "Oh yes! I can put this blunt penknife upon the wheel and maybe the spinning wheel will burnish it!",
  "click_1": "Wheel is spinning...",
  "click_2": "Wheel is spinning...What can it do?",
  "knife_1": "Ha, the penknife looks sharp enough.",
  "knife_2": "Hey, it works. Now the penknife is sharp enough...",
  "knife_3": "Take away the penknife.",
  "knife_4": "Try burnishing it...",
  "afterAWhile": "After a while..."
}
