{
  "afterLoad_1": "車輪はは高速回転中...",
  "afterUseItem_1": "ナイフを取り出して、もうちょっと磨いて~",
  "afterUseItem_2": "そうだ、この鈍いナイフを空転する車輪で磨いたら、鋭くなるでしょう！",
  "click_1": "車輪はは高速回転中...",
  "click_2": "車輪は空転して、しかし、これでなんの役に立つのか？",
  "knife_1": "このナイフは十分に鋭くした~",
  "knife_2": "この方法は効果がある、このナイフは十分に鋭くした...",
  "knife_3": "ナイフを閉まる~",
  "knife_4": "近づいて、磨いてみる...",
  "afterAWhile": "ちょっと磨いたら..."
}
