{
  "afterLoad_1": "轮子飞速转动ing...",
  "afterUseItem_1": "把小刀拿出来，再磨磨~",
  "afterUseItem_2": "哎，对耶，让这把小钝刀在空转的轮子上磨磨，也许就能磨锋利了呢！",
  "click_1": "轮子飞速转动ing...",
  "click_2": "轮子空转起来了，可是这又有什么用呢？",
  "knife_1": "嗯，这把小刀看来已经足够锋利了~",
  "knife_2": "嘿，这办法还真管用，这下这把小刀应该足够锋利了...",
  "knife_3": "把刀收起来~",
  "knife_4": "靠上去，磨磨试试...",
  "afterAWhile": "磨了一会儿后..."
}
