{
  "afterLoad_1": "바퀴가 빠르게 돌아가고 있습니다...",
  "afterUseItem_1": "작은 칼을 옆에 대어 갈아보세요~",
  "afterUseItem_2": "아, 맞다. 이 무딘 칼을 돌아가는 바퀴로 갈면, 날카로워 질 수 있겠네!",
  "click_1": "바퀴가 빠르게 돌아가고 있습니다...",
  "click_2": "바퀴가 돌아가고 있습니다. 근데 이게 무슨 쓸모가 있을가요?",
  "knife_1": "오, 이제야 이 작은 칼이 날카로워 보입니다~",
  "knife_2": "허. 이 방법이 정말 좋네요. 드디어 작은 칼이 날카로워졌습니다...",
  "knife_3": "칼을 다시 잘 보관하세요~",
  "knife_4": "옆에 대어 갈아보세요...",
  "afterAWhile": "한참을 간 후..."
}
