{
  "afterLoad_1": "水池里的水热气腾腾，使镜子上浮现了少量的雾气...",
  "afterLoad_2": "水池里的水热气腾腾，使镜子上浮现了雾气...咦？居然有一串数字浮现了出来！",
  "afterLoad_3": "水池里的水热气腾腾，使镜子上浮现了大量的雾气...",
  "click_1": "过了一会儿，镜子上的雾气又慢慢散去了...",
  "click_2": "过了一会儿，镜子上的雾气又慢慢散去了...",
  "click_3": "过了一会儿，镜子上的雾气又慢慢散去了..."
}