{
  "afterLoad_1": "세면대에 뜨거운 물이 가득하여 거울에 김이 꼈습니다",
  "afterLoad_2": "세면대에 뜨거운 물이 가득하여 거울에 김이 꼈습니다...어? 몇 개 숫자가 나타났습니다!",
  "afterLoad_3": "세면대에 뜨거운 물이 가득하여 거울에 김이 꼈습니다...",
  "click_1": "얼마 안 지나, 거울에 김이 다시 사라졌습니다...",
  "click_2": "얼마 안 지나, 거울에 김이 다시 사라졌습니다...",
  "click_3": "얼마 안 지나, 거울에 김이 다시 사라졌습니다..."
}