{
  "afterLoad_1": "洗面台にお湯があって、ミラーに少し水煙りが覆われた...",
  "afterLoad_2": "洗面台にお湯があって、ミラーに水煙りが覆われた...え？一連の数字が現れた！",
  "afterLoad_3": "洗面台にお湯があって、ミラーに多くの水煙りが覆われた...",
  "click_1": "時間が経つと、ミラーに覆われた水煙りが消された...",
  "click_2": "時間が経つと、ミラーに覆われた水煙りが消された...",
  "click_3": "時間が経つと、ミラーに覆われた水煙りが消された..."
}