{
  "handleSwipeFrom_1": "トランクのジッパーを閉める",
  "handleSwipeFrom_2": "ジッパーが閉まった",
  "handleSwipeFrom_3": "トランクのジッパーが開かれた",
  "handleSwipeFrom_4": "ジッパーを開く",
  "afterLoad_1": "このトランクに、何が入っているの？開けてみないと",
  "unzip_1": "このコンパートメントの中に何かがあるを触ってみて...え、何もない",
  "unzip_2": "このコンパートメントを開けてみる",
  "nothing_1": "このコンパートメントになにもない"
}
