{
  "handleSwipeFrom_1": "여행가방의 지퍼를 닫으세요",
  "handleSwipeFrom_2": "지퍼가 닫혔습니다",
  "handleSwipeFrom_3": "여행가방의 지퍼가 이미 열렸습니다",
  "handleSwipeFrom_4": "지퍼를 열었습니다",
  "afterLoad_1": "이 여행가방에 무엇이 들어 있을가요? 방법을 찾아 열어보세요",
  "unzip_1": "이 겹층에 무엇이 있는지 한번 만져보세요...아, 아무것도 없습니다",
  "unzip_2": "이 겹층에 무엇이 있는지 방법을 찾아 열어보세요",
  "nothing_1": "여기에 아무것도 없습니다"
}
