{
  "handleSwipeFrom_1": "이 물건을 빼내보세요...",
  "handleSwipeFrom_2": "더 위로 빼내보세요...",
  "handleSwipeFrom_3": "더 빼보세요...",
  "handleSwipeFrom_4": "드라이버를 빼냈습니다",
  "handleSwipeFrom_5": "이 물건을 빼내보세요...",
  "handleSwipeFrom_6": "더 위로 빼내보세요...",
  "handleSwipeFrom_7": "더 빼보세요...",
  "handleSwipeFrom_8": "하, 연필이네",
  "handleSwipeFrom_9": "파이프에 아무것도 없습니다",
  "afterLoad_1": "어? 파이프 위에 무언가가 있는 것 같은데?",
  "click_1": "어? 파이프에 뭐가 있지?",
  "click_2": "어? 파이프에 뭐가 있지?",
  "click_3": "파이프에 아무것도 없습니다",
  "nothing_1": "낡은 전기선입니다. 쓸모가 없습니다"
}
