{
  "handleSwipeFrom_1": "Try to get this thing out of the pipe...",
  "handleSwipeFrom_2": "Higher...",
  "handleSwipeFrom_3": "Almost there..",
  "handleSwipeFrom_4": "The screwdriver is taken out of the pipe.",
  "handleSwipeFrom_5": "Try to get this thing out of the pipe...",
  "handleSwipeFrom_6": "Higher...",
  "handleSwipeFrom_7": "Almost there...",
  "handleSwipeFrom_8": "Ha. It's a pencil.",
  "handleSwipeFrom_9": "No more things in the pipe.",
  "afterLoad_1": "Huh? What's in that pipe?",
  "click_1": "Huh? What's in that pipe?",
  "click_2": "Huh? What's in that pipe?",
  "click_3": "There's no more things in that pipe.",
  "nothing_1": "A bunch of old and useless wires."
}
