{
  "handleSwipeFrom_1": "把这东西抽出来看看...",
  "handleSwipeFrom_2": "再往上抽一抽...",
  "handleSwipeFrom_3": "再抽一抽...",
  "handleSwipeFrom_4": "螺丝刀抽出来了",
  "handleSwipeFrom_5": "把这东西抽出来看看...",
  "handleSwipeFrom_6": "再往上抽一抽...",
  "handleSwipeFrom_7": "再抽一抽...",
  "handleSwipeFrom_8": "哈，原来是只铅笔",
  "handleSwipeFrom_9": "管子里没有东西了",
  "afterLoad_1": "咦？管子上面好像有个东西？",
  "click_1": "咦？管子里是什么东西？",
  "click_2": "咦？管子里是什么东西？",
  "click_3": "管子里没有东西了",
  "nothing_1": "一撮废旧破电线，没什么用"
}
