{
  "handleSwipeFrom_1": "これを抜いてみる...",
  "handleSwipeFrom_2": "もうちょっと上まで抜いて...",
  "handleSwipeFrom_3": "もうちょっと抜いて...",
  "handleSwipeFrom_4": "ドライバーが出てきた",
  "handleSwipeFrom_5": "これを抜いてみる...",
  "handleSwipeFrom_6": "もうちょっと上まで抜いて...",
  "handleSwipeFrom_7": "もうちょっと抜いて...",
  "handleSwipeFrom_8": "あ、鉛筆だ",
  "handleSwipeFrom_9": "パイプの中はなにもない",
  "afterLoad_1": "えっ？パイプの上に何かがあるようだ？",
  "click_1": "えっ？パイプの中はなんだ？",
  "click_2": "えっ？パイプの中はなんだ？",
  "click_3": "パイプの中はなにもない",
  "nothing_1": "ぼろぼろの回線だ、何の役にも立たない"
}
