{
  "progress_1": "Click the screen until you get the self-defense flashlight.",
  "progress_2": "Click the screen until you see a guy. Come to his back quietly and use the self-defense flashlight to shock him!",
  "progress_3": "Click the screen and go downstairs to find Mike.",
  "progress_4": "Don't be afraid. Search everywhere. Especially the deep zone.",
  "progress_5": "Turn the light of this room on. Go and search it.",
  "progress_6": "Search the antepenultimate room on your left carefully. Pay attention to the door.",
  "progress_7": "Use the luggage. Try to open it, at least try to think how to open it.",
  "progress_8": "Use the luggage and try to open it. Find something to help you open it.",
  "progress_9": "To go further, you have to turn on the light of the deepest zone on your right.",
  "progress_10": "Go search the deepest zone on your right.",
  "progress_11": "Go to the deepest room on your left. Take a look on your right. That's light switch. Turn it on. Search the room carefully.",
  "progress_12": "Go to the deepest room on your left. Turn on the light. Go into it. You'll find a wood hanging near the door. Take a good look at it and you'll find something is stuck behind the wood. Swipe your finger up and it will be yours.",
  "progress_13": "Go to the deepest room on your right, which is in front of a trike. Go into it and see your right side. You'll find a pole in the center of the room. Something is in that pipe. Get it out.",
  "progress_14": "There's a plug on the wall on the right side of the aisle. Something is hidden behind it. Get it out.",
  "progress_15": "Use the pencil. And use the penknife. Try to sharpen the pencil. Think how to achieve it.",
  "progress_16": "Search the antepenultimate room on your left carefully. That's the room where you get the luggage. Pay attention to the top of the door. Something's on the roof.",
  "progress_17": "Come to the penultimate room on your left. See left so you can try to turn on the light. But you'll find there's no bulb. Use the bulb.",
  "progress_18": "Come to the electric scooter. Check the seat. Something is under the seat.",
  "progress_19": "Come to the electric scooter. Check the dashboard. There's the ignition. Use the keys you have and try to figure out which key belongs to the scooter.",
  "progress_20": "Come to the room where the motor scooter is. Turn on the light. Search everywhere.",
  "progress_21": "Search the motor room carefully. Turn on the light. Pay attention to the sundries at the corner. Something important is there.",
  "progress_22": "Check the seat of the electric scooter. Raise the seat and use the lead-acid battery. Then the scooter can be powered on.",
  "progress_23": "Remember the deepest light switch on the right of the aisle? There's a babycar down there. Search it.",
  "progress_24": "Turn off lights of every room which has number paintings on the wall. Check the wall carefully. Use the ultraviolet flashlight. Something will happen.",
  "progress_25": "Turn off lights of every room which has number paintings on the wall. Check the wall carefully. Use the ultraviolet flashlight. Something will happen.",
  "progress_26": "Pay attention to the wall which has number painting on. Use the ultraviolet flashlight. Something will happen.",
  "progress_27": "Turn off lights of every room which has number paintings on the wall. Check the wall carefully. Use the ultraviolet flashlight. Something will happen.",
  "progress_28": "Turn off lights of every room which has number paintings on the wall. Check the wall carefully. Use the ultraviolet flashlight. Something will happen.",
  "progress_29": "Pay attention to the number wall on the right side of the aisle. Use the ultraviolet flashlight. Something will happen.",
  "progress_30": "Check the basket of the electric scooter. It's locked. Remember the numbers which are sensitive to ultraviolet flashlight. There're 3 those kind of numbers on 6 different walls. Think their frequency. Combine them to a 3-digit code. That's the password for that basket lock.",
  "progress_31": "Open the basket of the electric scooter. Get the item in it.",
  "progress_32": "Use the box which was in the basket. Check its rocker on the right. Swipe your finger to operate it.",
  "progress_33": "Swipe your finger on the rocker and make the sequence just the same as the wall 67-71 showing while you use the ultraviolet flashlight.",
  "progress_34": "Use the box. Open it. Get all the items in it.",
  "progress_35": "Use the box. Open it. Get all the items in it.",
  "progress_36": "Go to the deepest room on your left. Turn on the light. Go into it. You'll find a wood hanging near the door. Take a good look at it and you'll find something is stuck behind the wood. Swipe your finger up and it will be yours.",
  "progress_37": "Go to the deepest room on your right, which is in front of a trike. Go into it and see your right side. You'll find a pole in the center of the room. Something is in that pipe. Swipe your finger up and get it out.",
  "progress_38": "Check the electric scooter. Think how to use it to help you achieve something.",
  "progress_39": "Check the right bottom of the electric scooter's back seat. You'll find some wires hanging. Check carefully what those wires connect and you'll find some screws. Use the screwdriver to remove the screw. Then something can be removed.",
  "progress_40": "Remove the back seat of the electric scooter. Check the electric system. Use the fuse. Then the electric system should be normal.",
  "progress_41": "Use the key from the box. You'll find 3 numbers are upon it. Go and unlock the lock on the trike.",
  "progress_42": "Check the rear wheel of the electric scooter. There's a lock. Try to use the right key to unlock it.",
  "progress_43": "Check the rear wheel of the electric scooter. There's a grey lid on the wheel. Open it and you'll find it's a keyhole. Try to use the right key to unlock it.",
  "progress_44": "Turn the key in the ignition. Power on the electric scooter. Then think how to use the scooter to help you.",
  "progress_45": "Check the right handlebar of the electric scooter. Turn the handlebar. Then the scooter will be on cruise mode and the driving wheel will keep spinning. Think how to use it to help you.",
  "progress_46": "Check the rear wheel of the electric scooter. Use the penknife. Then you'll know what to do next.",
  "progress_47": "Check the rear wheel of the electric scooter. Use the penknife. Then you'll know what to do next.",
  "progress_48": "Use the luggage. Then use the pencil. Stab the nib of the pencil into the zip, the luggage will open.",
  "progress_49": "Use the luggage. Open it. Get the important stuff in it.",
  "progress_50": "Use the envelope. Check it carefully. Get the thing in it.",
  "progress_51": "Use the envelope. Then use the ultraviolet flashlight. You'll know the big secret!"
}
