{
  "progress_1": "スタンガンを入手するまで、画面をクリックしてください",
  "progress_2": "悪者の背後に静かに回り込むまで、画面を連続クリックしてください。スタンガンで彼に狙って、悪者を気絶させる",
  "progress_3": "地下駐輪所まで、画面を連続クリックしてください。地下駐輪所をよくチェックして",
  "progress_4": "怖がるな、よく探して、特に奥の方だ",
  "progress_5": "この部屋の電気をつけて、よくチェックして",
  "progress_6": "左から数えて３つ目の部屋をよくチェックして、入口の下にサプライズがある",
  "progress_7": "トランクをチェックして、これを開ける方法を考えて",
  "progress_8": "トランクをチェックして、それを開けられる道具を探して",
  "progress_9": "まずは一番奥の右側のライトをつける、そうすれば、もっと遠くまで探せる",
  "progress_10": "右側の一番奥を探ってみよう。サプライズがあるかも知れない",
  "progress_11": "左側一番奥の部屋の入口まで来た。右をみて、ライトをつけると、部屋は明るくなった。よく探してみよう、サプライズがあるかも知れない",
  "progress_12": "左側一番奥の部屋の入口まで来た。ライトをつけて、中に入る。入れ口を振り返ると、入口の右に木材を見える。木材の後ろに重要なものが挟まれていて、指でスライドして、それを入手する",
  "progress_13": "右側の一番奥まで来て、三輪車の左の部屋の入り口がある。中に入って、右へ見ると、部屋の中に鉄のパイプを見える。パイプの中に重要なものがあり、それを入手する",
  "progress_14": "通路右側のコンセントをよく見て、コンセントの後ろに、何かが隠れている。それを入手する",
  "progress_15": "鉛筆を使って、またナイフを使う。ナイフで鉛筆を削ってみる。どうすれば鉛筆を鋭く削られるのかを考えて",
  "progress_16": "左から数えて３つ目の部屋をよくチェックして、要するに、トランクを入手した部屋だ。入口の上にサプライズがある",
  "progress_17": "左側の２つ目の部屋の入口まで来て、左をみて、電気をつける。電球がないことに気づく。電球を使えば、部屋は明るくなる",
  "progress_18": "電動自転車の隣に来て、サドルのしたをよくチェックして、サプライズがある",
  "progress_19": "電動自転車の隣に来て、前面の計器をチェックして、鍵穴を見える。入手したすべての鍵を試して、どれが自転車を動かせるのだ？",
  "progress_20": "オートバイの部屋に来て、電気をつけて、よくチェックして",
  "progress_21": "オートバイを置いた部屋をよくチェックして、電気をつけて、隅にあるものを注意して、中にある重要なものがある。それを入手して",
  "progress_22": "電動自転車のサドルをよくチェックして。サドルを持ち挙げて、バッテリーを入れれば、電動自転車が動けるになる",
  "progress_23": "一番奥の右側の電気スイッチのしたに、チャイルドカーがある。よくチェックして、収穫がある",
  "progress_24": "全ての壁に数字が書かれた部屋の電気を消して。壁の数字をよくチェックして、紫外線懐中電灯を使えば、思いつかないことは発生する",
  "progress_25": "全ての壁に数字が書かれた部屋の電気を消して。壁の数字をよくチェックして、紫外線懐中電灯を使えば、思いつかないことは発生する",
  "progress_26": "壁に数字が書かれた部屋を注意して。その数字をよくチェックして。紫外線懐中電灯を使えば、思いつかないことは発生する",
  "progress_27": "全ての壁に数字が書かれた部屋の電気を消して。壁の数字をよくチェックして、紫外線懐中電灯を使えば、思いつかないことは発生する",
  "progress_28": "全ての壁に数字が書かれた部屋の電気を消して。壁の数字をよくチェックして、紫外線懐中電灯を使えば、思いつかないことは発生する",
  "progress_29": "通路の右側の数字が書かれた壁を注意して、その数字をよくチェックして。紫外線懐中電灯を使えば、思いつかないことは発生する",
  "progress_30": "電動自転車の前籠をチェックして、ロックされたことに気付いた。紫外線懐中電灯で壁に映された数字を思い出して（全部は6枚の壁で、三つの違う数字が現れた。それぞれの数字の表れた回数も違う）、これらの数字をある順番で並べば、この鎖のパスワードが入手できる",
  "progress_31": "電動自転車の前籠を開けて、中のものを入手する",
  "progress_32": "電動自転車の前籠から入手した箱を使う。箱側面のレバーをよくチェックして、指でスライドして、操作する。このレバーで何をできるかを考えて",
  "progress_33": "箱を使う。箱側面のレバーをよくチェックして、ある順番でレバーを回して、奇妙なことが発生する。この順番は67－71番を書いた壁に隠されている。壁を紫外線懐中電灯で照らして、その秘密を解ける",
  "progress_34": "箱を使う。それを開けて、中のものを取り出す",
  "progress_35": "箱を使う。それを開けて、中のものを取り出す",
  "progress_36": "左側の一番奥の部屋の入り口に来て、電気をつけて、入り口を見る。すると、入り口の右に木材を見える。木材の後ろに重要なものが挟まれている",
  "progress_37": "右側の一番奥まで来て、三輪車の左の部屋の入り口がある。中に入って、右へ見ると、部屋の中に鉄のパイプを見える。パイプの中に重要なものがあり、指でスライドして、それを入手する",
  "progress_38": "電動自転車をよくチェックして。操作できるものを探して",
  "progress_39": "電動自転車のバックシートの右下をチェックして、2本の露出された回線を見える。回線をよく見れば、ネジで何かを固定していることに気付く。ドライバーでネジを緩め、固定されたものを取れる",
  "progress_40": "電動自転車のバックシートを取り外して、中の回線をよくチェックして。ヒューズを使って、元の位置に入れ直して、電動自転車の回線システムは正常になる",
  "progress_41": "箱から入手した鍵を使う。上に3つの数字が刻まれている。この3つの数字で三輪車の上にある鎖を開錠できる",
  "progress_42": "電動自転車の後輪に、鎖が付けられている。入手した全ての鍵を使って、どれが正しいを試してみる",
  "progress_43": "電動自転車の後輪をチェックして。後輪の上の灰いる蓋を持ち上げて、中に鍵穴がある。入手した全ての鍵を使って、どれが正しいを試してみる",
  "progress_44": "鍵を回して、電動自転車を起動する。その使い道を考えて",
  "progress_45": "電動自転車の右ハンドルバーをチェックして、ハンドルを回し、電動自転車の後輪は空転状態に入る。その使い道を考えて",
  "progress_46": "電動自転車の後輪をチェックして、ナイフを使えば、あなたがもう分かるでしょう",
  "progress_47": "鉛筆を使って、またナイフを使う。ナイフで鉛筆を削ってみる",
  "progress_48": "トランクを使って、また鉛筆を使う。鋭い鉛筆の先端をジッパーの隙間に挿し込む、トランクは開けられる",
  "progress_49": "トランクを使う。それを開け、中の貴重品を入手する",
  "progress_50": "封筒をよくチェックして、中のものを入手する",
  "progress_51": "封筒を使って、また紫外線懐中電灯を使う。封筒の上の重要な秘密を解ける"
}
