{
  "progress_1": "点击屏幕，直到获得防狼手电为止",
  "progress_2": "不断点击屏幕，直到偷偷来到坏人的后面，使用防狼手电，把他电晕！",
  "progress_3": "不断点击屏幕，下到地下车库里，好好探索一番吧",
  "progress_4": "不要害怕，努力探索，尤其是最深处",
  "progress_5": "去打开这个房间的灯，进里面探索一番吧",
  "progress_6": "仔细探索左侧倒数第三个房间，在门口下方有惊喜",
  "progress_7": "研究下行李箱，想想怎样才能打开它",
  "progress_8": "研究下行李箱，寻找能打开它的物品",
  "progress_9": "要先打开最深处右边的灯光开关，才能探索的更远",
  "progress_10": "探索一下右侧的最深处吧，说不定有惊喜",
  "progress_11": "来到左侧最深处的房间门口，向右看，打开灯光开关，房间就亮了，仔细探索一下吧，说不定有惊喜",
  "progress_12": "来到左侧最深处的房间门口，将灯打开，走进去，向门口方向看，会发现在门口的右侧有一块木头，木头后面夹着一个重要的东西，滑动手指将它抽出来，就得到它了",
  "progress_13": "来到右侧最深处、三轮车左侧的房间门口，走进去，向右看，会发现在房间中央有一根铁管，铁管里夹着一个重要的东西，将它抽出来，就得到它了",
  "progress_14": "仔细观察通道右侧的电源插座，在插座后面藏着一个小东西，得到它",
  "progress_15": "使用铅笔，再使用小刀，尝试用小刀削铅笔，想想怎么才能把铅笔削出尖来",
  "progress_16": "仔细探索左侧倒数第三个房间，也就是之前得到行李箱的那个房间，在门口上方有惊喜",
  "progress_17": "来到左侧倒数第二个房间门口，向左看，打开灯光开关，发现没有灯泡，使用灯泡，将灯泡装上，房间就亮了",
  "progress_18": "来到电动自行车的侧面，仔细查看坐垫的下方，有惊喜",
  "progress_19": "在电动自行车的侧面，查看车头的仪表，会发现有一个钥匙孔，尝试使用所有已经得到的钥匙，看看哪一把才是电动自行车的启动钥匙",
  "progress_20": "来到踏板摩托车所在的房间，打开灯，仔细探索一番吧",
  "progress_21": "仔细查看踏板摩托车所在的房间，打开灯，注意角落里的杂物，其中有一样很重要的东西，得到它",
  "progress_22": "仔细查看电动自行车的座垫，将座垫掀起，使用电瓶，将电瓶装进去，电动自行车就有电了",
  "progress_23": "在最深处的右侧灯光开关下方，有个儿童玩具车，仔细观察，会有收获",
  "progress_24": "把所有墙上有数字编号的房间里的灯关掉，仔细查看墙上的数字，使用紫外线手电，会发生意想不到的事情",
  "progress_25": "把所有墙上有数字编号的房间里的灯关掉，仔细查看墙上的数字，使用紫外线手电，会发生意想不到的事情",
  "progress_26": "注意墙上有数字编号的房间，仔细查看墙上的数字，使用紫外线手电，会发生意想不到的事情",
  "progress_27": "把所有墙上有数字编号的房间里的灯关掉，仔细查看墙上的数字，使用紫外线手电，会发生意想不到的事情",
  "progress_28": "把所有墙上有数字编号的房间里的灯关掉，仔细查看墙上的数字，使用紫外线手电，会发生意想不到的事情",
  "progress_29": "注意通道右侧带有数字编号的墙，仔细查看墙上的数字，使用紫外线手电，会发生意想不到的事情",
  "progress_30": "查看电动自行车的前车筐，发现上了锁，回忆每面墙上用紫外线手电照出来的数字（一共6面墙、出现过3个不同的数字、每个数字出现的次数也不一样），将这些数字按一定顺序组合在一起，就是这把锁的密码了",
  "progress_31": "打开电动自行车的前车筐，得到里面的东西",
  "progress_32": "使用从电动自行车前车筐里得到的盒子，仔细查看它侧面的摇杆，滑动手指来操作，想想这个摇杆能用来干什么",
  "progress_33": "使用盒子，仔细查看盒子右边的摇杆，用一定的顺序来摇盒子旁边的摇杆，神奇的事情就会发生，这个顺序就隐藏在67-71编号所在的那面墙上，在墙上使用紫外线手电就能发现这个秘密了",
  "progress_34": "使用盒子，打开它，得到里面的东西",
  "progress_35": "使用盒子，打开它，得到里面的东西",
  "progress_36": "来到左侧最深处的房间门口，打开灯，走进去，向门口方向看，会发现在门口的右侧有一块木头，木头后面夹着一个重要的东西，得到它",
  "progress_37": "来到右侧最深处、三轮车左侧的房间门口，走进去，向右看，会发现在房间中央有一根铁管，铁管里夹着一个重要的东西，滑动手指将它抽出来，就得到它了",
  "progress_38": "仔细研究下电动自行车，看看有什么可操作的",
  "progress_39": "查看电动自行车的后座右下方，会发现有两截电线裸露在外面，仔细查看电线所处的位置，会发现有螺丝在固定着什么东西，使用螺丝刀，将螺丝拆下，被固定的东西就能拿下来了",
  "progress_40": "拿掉电动自行车的后座，仔细查看里面的电路，使用保险丝，将保险丝插回原位，电动自行车的电路系统就恢复正常了",
  "progress_41": "使用从盒子里得到的钥匙，能发现它上面刻着3位数字，用这三位数字去开三轮车上的锁吧",
  "progress_42": "查看电动自行车的后轮，会发现有一把锁，尝试使用所有已经得到的钥匙，看看哪一把才能把锁打开",
  "progress_43": "查看电动自行车的后轮，掀开后轮上的灰色盖子，会发现里面是一个锁孔，尝试使用所有已经得到的钥匙，看看哪一把才能把锁解开",
  "progress_44": "拧钥匙，启动电动自行车，想想怎样操作它",
  "progress_45": "查看电动自行车的右边车把，拧车把，电动自行车的后轮就进入空转状态了，想想能用这个操作来做什么",
  "progress_46": "查看电动自行车的后轮，使用小刀，你就豁然开朗了",
  "progress_47": "使用铅笔，再使用小刀，尝试用小刀削铅笔",
  "progress_48": "使用行李箱，再使用铅笔，将铅笔尖捅进拉链里，行李箱就打开了！",
  "progress_49": "使用行李箱，打开，得到里面的重要物品",
  "progress_50": "使用信封，仔细查看，得到它里面的东西",
  "progress_51": "使用信封，再使用紫外线手电，发现信封上的重要秘密！"
}
