{
  "progress_1": "방어용 손전등을 얻을 때까지 스크린을 클릭하세요",
  "progress_2": "가만히 나쁜 사람 뒤에 도착할 때까지 끊임없이 클릭하고, 방어용 손전등을 사용하여 그를 충격시키고 쓰러뜨리세요!",
  "progress_3": "스크린을 끊임없이 클릭하여 지하차고에 내려가고, 잘 찾아보세요",
  "progress_4": "무서워 하지 말고 잘 찾아보세요. 특히 가장 깊은 곳을요",
  "progress_5": "이 방의 등을 켜고, 안에서 잘 찾아보세요",
  "progress_6": "왼쪽 거꾸로 3번 방을 자세히 찾아보면 입구 아래 쪽에 서프라이즈가 있을 것입니다",
  "progress_7": "여행가방을 어떻게 열지 연구를 좀 해보세요",
  "progress_8": "여행가방을 다시 좀 연구하여 그것을 열 수 있는 물건을 찾으세요",
  "progress_9": "가장 깊은 곳 오른쪽에 등을 켜야 더 깊은 곳까지 찾아볼 수 있습니다",
  "progress_10": "오른쪽에 가장 깊은 곳을 한번 찾아보세요. 무언가가 있을 수 있습니다",
  "progress_11": "왼쪽 가장 깊은 방 문앞에 와서 오른쪽으로 보고 등 스위치를 켜면 방이 밝아 집니다. 자세히 찾아보면 무언가가 있을 것입니다",
  "progress_12": "왼쪽 가장 깊은 곳의 방 문앞에서 등을 켜고 걸어 들어간 후 문 방향으로 보면 문 오른켠에 나무 조각이 있는 것을 발견할 수 있습니다. 나무 뒤에 중요한 물건이 끼여져 있으니 손가락으로 밀어 빼내면 그것을 얻을 수 있습니다",
  "progress_13": "오른쪽 가장 깊은 곳에 삼륜차 왼쪽의 방 문앞에서 안으로 걸어가면서 오른쪽을 보면 방의 중간에 철파이프가 있습니다. 파이프에 중요한 물건이 꼽혀있으니 그것을 빼내면 얻을 수 있습니다",
  "progress_14": "통로 오른켠의 전원 소켓을 자세히 보면 소켓 뒤에 작은 무언가가 숨겨져 있습니다. 밀어 그것을",
  "progress_15": "연필을 사용하고 다시 작은 칼을 사용한 후 칼로 연필을 깎을 수 있습니다. 어떻게 하면 연필을 뾰족하게 깎을 수 있을지 생각하세요",
  "progress_16": "왼쪽 거꾸로 3번 방 다시 말해서 전에 여행가방을 얻은 방을 자세히 관찰하면 문 앞의 윗쪽에서 무언가를 발견할 수 있습니다",
  "progress_17": "왼쪽 거꾸로 2번 방 문앞에서 왼쪽으로 보고 등을 켜보면 전구가 없는 것을 발견할 수 있습니다. 전구를 사용하여 전구를 장착하면 방이 밝아집니다",
  "progress_18": "전기 자전거의 측면에 와서 방석 아래를 자세히 보면 무언가가 있습니다",
  "progress_19": "전기 자전거의 측면에서 차머리의 대시보드를 보면 열쇠 구멍을 발견할 수 있습니다. 이미 얻은 모든 열쇠를 사용해보고 어느 것이 전기자전거의 작동열쇠인지를 찾으세요",
  "progress_20": "오토바이가 있는 방에 가서 등을 켜고 자세히 찾아보세요",
  "progress_21": "오토바이가 있는 방에 가서 등을 켜고 구석의 자질구레한 물건들을 잘 확인하면 중요한 물건을 얻을 수 있습니다",
  "progress_22": "전기 자전거의 방석을 자세히 보고 방석을 들어올린 후 축전지를 사용하여 장착하면 전기 자전거에 전기가 통합니다",
  "progress_23": "가장 깊은 곳의 오른쪽 스위치 아래에 아동용 자동차가 있는데 자세히 보면 무언가를 얻을 수 있습니다",
  "progress_24": "벽에 숫자가 적혀있는 모든 방의 등을 끄고, 벽에 숫자를 자세히 보면서 자외선 손전등을 사용하면 뜻밖에 일이 생깁니다",
  "progress_25": "벽에 숫자가 적혀있는 모든 방의 등을 끄고, 벽에 숫자를 자세히 보면서 자외선 손전등을 사용하면 뜻밖에 일이 생깁니다",
  "progress_26": " 벽에 숫자가 적혀있는 방을 주의하여 보고, 벽에 숫자를 자세히 보면서 자외선 손전등을 사용하면 뜻밖에 일이 생깁니다",
  "progress_27": "벽에 숫자가 적혀있는 모든 방의 등을 끄고, 벽에 숫자를 자세히 보면서 자외선 손전등을 사용하면 뜻밖에 일이 생깁니다",
  "progress_28": "벽에 숫자가 적혀있는 모든 방의 등을 끄고, 벽에 숫자를 자세히 보면서 자외선 손전등을 사용하면 뜻밖에 일이 생깁니다",
  "progress_29": "통로 오른쪽에 벽에 숫자가 적혀있는 방을 주의하여 보고, 벽에 숫자를 자세히 보면서 자외선 손전등을 사용하면 뜻밖에 일이 생깁니다",
  "progress_30": "전기 자전거의 앞 바구니를 보면 잠겨져 있는 것을 발견하는데, 자외선 손전등으로 비추어 얻은 숫자(총 6개 벽, 3개의 다른 숫자가 나타나고, 매 숫자가 나타난 차수도 다름)를 기억하면서 일정한 순서에 따라 조합하면 이 자물쇠의 비밀번호가 됩니다",
  "progress_31": "전기 자전거의 앞 바구니를 열고 안에 물건을 얻으세요",
  "progress_32": "전기 자전거 앞 바구니에서 얻은 박스를 사용하고 그 측면의 돌림기를 자세히 보며 손가락으로 밀어 움직이면서 이 돌림기가 무슨 쓸모가 있는지 보세요",
  "progress_33": "박스를 사용하고 박스 오른쪽의 돌림기를 자세히 보며 일정한 순서로 박스 옆에 돌림기를 돌려주면 신기한 일이 생깁니다. 이 순서는 67-71번호가 있는 그 방에 숨겨져 있고 벽에 자외선 손전등을 비춰주면 이 비밀을 발견할 수 있습니다",
  "progress_34": "박스를 사용하여 그것을 열고 안에 물건을 얻으세요",
  "progress_35": "박스를 사용하여 그것을 열고 안에 물건을 얻으세요",
  "progress_36": "왼쪽 가장 깊은 방 문에 가서 문을 열고 걸어 들어가 문 방향으로 서면 문앞의 오른쪽에 나무 조각이 있습니다.나무 뒤에 중요한 물건이 끼여져 있는데 그것을 얻으세요",
  "progress_37": "오른쪽 가장 깊은 곳에 삼륜차 왼쪽의 방 문앞에서 안으로 걸어가면서 오른쪽을 보면 방의 중간에 철파이프가 있습니다. 파이프에 중요한 물건이 꼽혀있으니 손가락으로 밀어 그것을 빼내면 얻을 수 있습니다",
  "progress_38": "전기 자전거를 자세히 관찰하여 조작할 수 있는 부분이 없는지 확인하세요",
  "progress_39": "전기 자전거의 뒷 좌석 오른쪽 하단을 보면 두 개 전기선이 밖으로 나와 있는 것을 볼 수 있습니다.전기선이 있는 위치를 자세히 보면 나사가 무언가를 고정하고 있는데 드라이버를 사용하여 나사를 풀고 고정된 물건을 분리하세요",
  "progress_40": "전기 자전거의 뒷 좌석을 내리고 안에 회로를 자세히 본 후 퓨즈를 사용하여 원위치에 꼽으면 전기 자전거의 회로 시스템이 정상으로 회복됩니다",
  "progress_41": "박스에서 얻은 열쇠를 사용하면 위에 3자리 숫자가 적혀있는 것을 발견하는데 이 3자리 숫자로 삼륜차에 잠긴 열쇠를 여세요",
  "progress_42": "전기 자전거의 뒷바퀴를 보면 자물쇠가 있는데 이미 얻은 모든 열쇠들을 사용하여 어느 열쇠가 열리는지 보세요",
  "progress_43": "전기 자전거의 뒷바퀴를 보고 뒷 바퀴의 회색 덮개를 열면 안에 열쇠 구멍이 있는데 이미 얻은 모든 열쇠들을 사용하여 어느 열쇠가 열리는지 보세요",
  "progress_44": "열쇠를 돌며 전기 자전거를 작동하고 어떻게 사용할 지 생각해보세요",
  "progress_45": "전기 자전거의 오른쪽 손잡이를 보고. 핸들을 돌립니다. 그리고 스쿠터는 순항 모드에있을 것입니다 및 구동 휠이 회전을 유지합니다. 이것으로 무엇을 할 수 있을지 생각해보세요",
  "progress_46": "전기 자전거의 뒷바퀴를 보고 작은 칼을 사용하면 깨달을 수 있을 것입니다",
  "progress_47": "연필을 사용하고 다시 작은 칼을 사용하여 작은 칼은 연필을 깎을 수 있게 됩니다",
  "progress_48": "여행가방을 사용하고 연필을 사용하면 연필 끝이 지퍼를 뚫고 들어가게 되고 왼쪽, 여행가방이 열립니다!",
  "progress_49": "여행가방을 사용하여 그것을 열고 안에 중요한 물건을 얻으세요",
  "progress_50": "봉투를 사용하여 자세히 보면 안에 있는 물건을 얻을 수 있습니다",
  "progress_51": "봉투를 사용하고 자외선 손전등을 사용하면 봉투에 중요한 비밀을 발견할 수 있습니다!"
}
