{
  "afterLoad_1": "이 고양이에 전지를 넣어야 작동하나 봅니다",
  "afterLoad_2": "이 고양이는 어디에 쓰는 것일가?",
  "afterUseItem_1": "드라이버로 아래에 나사못을 한번 열어보세요",
  "afterUseItem_2": "이 전지를 한번 넣어봅니다…아, 하나가 모자랍니다",
  "afterUseItem_3": "다른 한 개 전지도 넣어봅니다. 이번엔 될 것 같습니다",
  "assembly_1": "고양이 뒤면에 두개 귀 버튼이 있고, 엉덩이에 나사 구멍이 있습니다",
  "assembly_2": "고양이 정면은…이 고양이는 도대체 어디에 쓰는 것인지 모르겠습니다",
  "assembly_3": "나사못을 풀었습니다",
  "assembly_4": "어? 나사못을 풀면 밑받침이 해제될 수 있었습니다",
  "assembly_5": "하, 여기가 바로 전지를 꼽는 곳이었습니다",
  "assembly_6": "이 고양이는 두개 전지를 꼽아야 작동할 수 있는데, 어디서 전지를 찾지?",
  "assembly_7": "전지 한 개는 이미 있고, 나머지 한 개를 어디서 찾아보지?",
  "assembly_8": "전재 두 개 모두 꼽았습니다. 밑받침을 다시 장착하여야 합니다",
  "assembly_9": "휴, 전부 장착하였습니다. 이 고양이가 도대체 무엇을 할 수 있는지 한번 보세요",
  "talk_1": "다른 한 개 작은 비밀이 있는데, 돼지한테만 알려줄 수 있어. 돼지 맞아? 돼지면 알려줄 수 있어~",
  "talk_2": "하하,나의 탐 고양이가 드디어 살아났습니다",
  "talk_3": "나의 세 친구인 고양이, 강아지, 돼지 한테 각각 비밀을 알려줄게 있어",
  "talk_4": "나의 친구 맞아? 맞으면 알려줄 수 있어~",
  "talk_5": "한번 말해봐, 나의 어느 친구인지 맞춰볼께",
  "talkPig_1": "하하, 역시 돼지였네! 그럼, 마지막 비밀을 알려줄께~",
  "talkPig_2": "자동차 안에 비밀스러운 곳이 있는데, 에어컨을 특수한 조합으로 조절하여야만 열 수 있어",
  "talkPig_3": "이 특수한 조합은 돼지한테만 말해 줄수 있어. 왜냐하면 돼지는 이 조합이 무슨 뜻인지 모르거든",
  "talkPig_4": "헤헤, 바로 이것이야, 기억했어? 돼지야, 기억못할 줄 알았어,하하!",
  "talkPig_5": "넌 알아도 무슨 뜻인지 모를꺼야, 그래서 알려주는거야, 하하!",
  "talkPig_6": "어…근데…만약 너가 돼지가 아니라면, 그럼 난 망했어. 돼지 맞지?",
  "talkCat_1": "더욱 많은 비밀을 알고 싶어? 강아지나 돼지라면 알려줄 수 있어~",
  "talkDog_1": "더욱 많은 비밀을 알고 싶어? 고양이나 돼지라면 알려줄 수 있어~",
  "atm_password_str1": "은행금고가 그렇게 쉽게 열리는게 아니야, 비밀번호:  이 있다면 몰라도",
  "atm_password_str2": " 야, 누구한테도 알려주지마!"
}
