{
  "afterLoad_1": "電池がなければ、動けないな",
  "afterLoad_2": "トムキャット？これは一体…",
  "afterUseItem_1": "ドライバーで開けてみよう",
  "afterUseItem_2": "乾電池を入れてみよう…1本しかない",
  "afterUseItem_3": "もう1本を入れてみよう、これでいけるか？",
  "assembly_1": "猫の裏側だ、耳のボタン",
  "assembly_2": "猫の正面だ…何に使えるかな",
  "assembly_3": "ネジを取った",
  "assembly_4": "ネジを取ったら、",
  "assembly_5": "なるほど、電池ルームだ",
  "assembly_6": "動けるには乾電池2本が必要だけど、乾電池はどこにあるのだろう？",
  "assembly_7": "1本を手に入れた、もう1本はどこにある？",
  "assembly_8": "乾電池2本を入れた、カバーも戻した",
  "assembly_9": "これでOKだ、動かしてみよう",
  "talk_1": "もう1つの秘密はブーだけに教えるニャ~お前はブーか？",
  "talk_2": "よしっ、トムキャット復活！",
  "talk_3": "3つの秘密を3つの友達に教えるニャ~：猫・ニャ、犬・ワン、豚・ブー",
  "talk_4": "友達なの？友達なら教えるニャ~",
  "talk_5": "3つの友達のどれニャ~？しゃべてみニャ~",
  "talkPig_1": "やっぱブーだニャ~いいニャロウ、秘密を教えるニャ~",
  "talkPig_2": "車のあるところは、エアコンの特定された設定でしか開けられないニャ~",
  "talkPig_3": "設定の組み合わせはブーにしか教えない、ブーがわからないからニャ~",
  "talkPig_4": "覚えたか？覚えてないニャロウ~ニャハハ~",
  "talkPig_5": "覚えても意味もわからないニャロウ~だらか教えるニャ~",
  "talkPig_6": "ニャけど、ブーじゃなかったら…ブーニャロウな？",
  "talkCat_1": "他の秘密も知りたいニャ~？？と？しか教えないニャ~",
  "talkDog_1": "他の秘密も知りたいニャ~？？と？しか教えないニャ~",
  "atm_password_str1": "このコードがなければ、金庫は開けられないニャ: ",
  "atm_password_str2": " 誰にも教えていけないニャ~！"
}
