{
  "afterLoad_1": "Apparently I need to feed this cat two batteries to make it work.",
  "afterLoad_2": "What can this cat do?",
  "afterUseItem_1": "Maybe it's a good idea to use the screwdriver and see what's inside the cat.",
  "afterUseItem_2": "Put the battery into the cat...Huh, it's ok but not enough. I need one more battery.",
  "afterUseItem_3": "Put the other battery into the cat...Perfect.",
  "assembly_1": "Look at the back of the cat. There're two buttons on the ears and one screw hole in the butt.",
  "assembly_2": "The front of the cat...I really can't imagine what this cat can do.",
  "assembly_3": "The screw is removed.",
  "assembly_4": "Oh...After the screw was removed, the bottom plate can be taken out.",
  "assembly_5": "Ha! It turns out this is a place to install batteries.",
  "assembly_6": "Apparently I need to feed this cat two batteries to make it work. Where can I get batteries?",
  "assembly_7": "There's only one battery. Where can I get another battery?",
  "assembly_8": "Both the batteries have been installed. Put the bottom plate back to its original place.",
  "assembly_9": "Ha. All set up. Let's see what this cat can do.",
  "talk_1": "I have one more secret but I can only tell my friend Pig. Are you Pig? I can only tell Pig.",
  "talk_2": "Ha ha! I'm the cat Tom! I'm BACK!",
  "talk_3": "I have three secrets and three good friends: Cat, Dog, and Pig.",
  "talk_4": "You are my friend? If yes, I'll tell you one secret.",
  "talk_5": "Say something and let me hear it. I'll guess which one of my three friends you are.",
  "talkPig_1": "Ha ha! You are truly Pig! Now, I will tell you my last secret.",
  "talkPig_2": "There's a secret place locking in the car. It can only be opened if you adjust the air conditioning to a special combination.",
  "talkPig_3": "I can't tell this special combination to anybody but Pig. Because Pig can't understand what it means.",
  "talkPig_4": "Ha, that's it. Can you remember all of them? I know you can't, Pig!",
  "talkPig_5": "Ha, even if you remembered, you can't figure out what it means. That's why I feel free to tell you, Pig!",
  "talkPig_6": "Uh...But if you were not Pig, I would suffer from telling you this secret. You are Pig, right?",
  "talkCat_1": "Do you want to know more secrets? I can't tell you, unless you are Dog or Pig.",
  "talkDog_1": "Do you want to know more secrets? I can't tell you, unless you are Cat or Pig.",
  "atm_password_str1": "Bank vault is not so easy to open, unless you have this password: ",
  "atm_password_str2": " Hey, remember, do not tell anyone else!"
}
