{
  "afterLoad_1": "看来这只猫要装上电池才能工作啊",
  "afterLoad_2": "这只猫有什么用呢？",
  "afterUseItem_1": "用螺丝刀把下面那颗螺丝拆开看看",
  "afterUseItem_2": "把这节电池装进去试试...嗯，不够啊，还差一节",
  "afterUseItem_3": "把另外一节电池也放进去，这下应该可以了吧？",
  "assembly_1": "猫的背面，能看到两个耳朵上的按钮，和屁股上的螺丝孔",
  "assembly_2": "猫的正面...真不知道这傻猫能用来干什么",
  "assembly_3": "拆下螺丝了",
  "assembly_4": "哦？原来拿下螺丝后这个底座就能拆下来了",
  "assembly_5": "哈，原来这里是装电池的地方啊",
  "assembly_6": "看来这只猫要装上两节电池才能工作啊，可我去哪找电池呢？",
  "assembly_7": "已经有一节电池了，还缺一节，去哪能找到电池呢？",
  "assembly_8": "两节电池都装进去了，把底座重新装好",
  "assembly_9": "哈，全都装好了，看看这个猫到底能用来做什么",
  "talk_1": "我还有一个小秘密，不过我只告诉猪。你是猪吗？你是猪我才告诉你~",
  "talk_2": "哈哈，我汤姆猫终于复活啦！",
  "talk_3": "我有三个秘密要分别告诉我的三个好朋友：猫、狗、猪",
  "talk_4": "你是我的好朋友吗？是的话我就告诉你~",
  "talk_5": "你说句话让我听听你的声音，让我来猜猜看你是我的哪位好朋友",
  "talkPig_1": "哈哈，你果然是猪！好吧，我就把最后这个秘密告诉你~",
  "talkPig_2": "车里有个神秘的地方，只有通过调节空调至特殊的组合才能开启",
  "talkPig_3": "这个特殊的组合我只能告诉猪，因为猪搞不懂这个组合是什么意思",
  "talkPig_4": "嘻嘻，就是这些了，记住了吗？猪啊，就知道你会记不住，哈哈！",
  "talkPig_5": "就算你记住了也不可能知道是什么意思，所以我才敢告诉你，哈哈！",
  "talkPig_6": "呃...可是...如果你不是猪的话，那我就惨了。你是猪吧？",
  "talkCat_1": "还想知道更多秘密吗？除非你是狗或者猪，我才能告诉你~",
  "talkDog_1": "还想知道更多秘密吗？除非你是猫或者猪，我才能告诉你~",
  "atm_password_str1": "银行保险库不是那么容易开的，除非你有这串密码：",
  "atm_password_str2": " 嘿，不许告诉别人哦！"
}
