{
  "click_1": "On the way back to the hotel from the night market, I felt that someone was following me.",
  "click_2": "I speeded up my steps, hoping I was close to the hotel.",
  "click_3": "This place looks really horrible for me. Move on, quickly...",
  "click_4": "Suddenly, someone came out from the dark!",
  "click_5": "Aah!!!",
  "click_6": "(My head got a heavy knock! Right then I fainted...)",
  "click_7": "Ah~~My head hurts so much! Oh no! It must be the same bad guy who took away Mike caught me!",
  "click_8": "Where am I? It seems I'm trapped in a car..."
}