{
  "click_1": "从夜市回酒店的路上，我总觉得似乎有人在跟踪我",
  "click_2": "不管怎样，加快脚步吧，反正离酒店很近",
  "click_3": "眼前这个居民小区看起来真瘆的慌，快走快走~",
  "click_4": "突然，从里面窜出来一个人！",
  "click_5": "啊！！！",
  "click_6": "(头被重重敲了一下，失去知觉了...)",
  "click_7": "啊~头好痛...完了，一定是抓小明的那帮人也抓到我了！",
  "click_8": "嗯？这是哪里？我好像是被抓进了一部车里..."
}