{
  "click_1": "야시장에서 호텔로 가는 길에, 누군가가 미행하고 있는 것 같았습니다",
  "click_2": "아무튼, 빨리 가세요. 호텔은 얼마 안 남았습니다",
  "click_3": "눈 앞에 이 주민구역은 보기에 정말 으스스합니다. 빨리빨리~",
  "click_4": "갑자기, 안에서 누군가가 불쑥 나왔습니다!",
  "click_5": "아!!!",
  "click_6": "(머리를 심하게 맞아 의식을 잃었습니다…)",
  "click_7": "아~머리 아퍼…망했다. 무조건 Mike를 잡은 사람들이 나까지 잡은거야!",
  "click_8": "어라? 여기가 어디지? 무슨 차 안에 있는 것 같은데…"
}