{
  "afterLoad_1": "가만히 나쁜 사람 뒤에 와서...",
  "afterUseItem_1": "방어용 전등을 꺼내어 그를 전기충격으로 쓰러뜨립니다!",
  "electricShockAss_1": "빨리 방법을 찾아 그를 기습하여야 합니다. 정면으로 싸워서는 안 됩니다...",
  "electricShockAss_2": "엉덩이에 전기충격을 하세요!",
  "electricShockWaist_1": "빨리 방법을 찾아 그를 기습하여야 합니다. 정면으로 싸워서는 안 됩니다...",
  "electricShockWaist_2": "허리에 전기충격을 하세요!",
  "electricShockBack_1": "빨리 방법을 찾아 그를 기습하여야 합니다. 정면으로 싸워서는 안 됩니다...",
  "electricShockBack_2": "등에 전기충격을 하세요!",
  "electricShockNeck_1": "빨리 방법을 찾아 그를 기습하여야 합니다. 정면으로 싸워서는 안 됩니다...",
  "electricShockNeck_2": "목에 전기충격을 하세요!"
}