{
  "afterLoad_1": "Come close to the bad guy quietly...",
  "afterUseItem_1": "Use the self-defense flashlight and shock him!",
  "electricShockAss_1": "I'd better sneak attack him. I can't have a head-to-head fight with him...",
  "electricShockAss_2": "Shock his ass!",
  "electricShockWaist_1": "I gotta seack attack him. Can't have a head-to-head fight.",
  "electricShockWaist_2": "Shock his waist!",
  "electricShockBack_1": "I gotta seack attack him. Can't have a head-to-head fight.",
  "electricShockBack_2": "Shock his back!",
  "electricShockNeck_1": "I gotta seack attack him. Can't have a head-to-head fight.",
  "electricShockNeck_2": "Shock his neck!"
}