{
  "afterLoad_1": "悄悄来到坏人身后...",
  "afterUseItem_1": "掏出防狼手电，把他电晕！",
  "electricShockAss_1": "得想点办法偷袭他，不能跟他正面硬拼...",
  "electricShockAss_2": "电他屁股！",
  "electricShockWaist_1": "得想点办法偷袭他，不能跟他正面硬拼...",
  "electricShockWaist_2": "电他腰！",
  "electricShockBack_1": "得想点办法偷袭他，不能跟他正面硬拼...",
  "electricShockBack_2": "电他背！",
  "electricShockNeck_1": "得想点办法偷袭他，不能跟他正面硬拼...",
  "electricShockNeck_2": "电他脖子！"
}