{
  "afterLoad_1": "悪者の背後に静かに回り込んだ...",
  "afterUseItem_1": "スタンガンを取り出し、気絶させる！",
  "electricShockAss_1": "奇襲する方法を考えて、無謀に正面からは無理だ...",
  "electricShockAss_2": "尻を狙う！",
  "electricShockWaist_1": "奇襲する方法を考えて、無謀に正面からは無理だ...",
  "electricShockWaist_2": "腰を狙う！",
  "electricShockBack_1": "奇襲する方法を考えて、無謀に正面からは無理だ...",
  "electricShockBack_2": "背中を狙う！",
  "electricShockNeck_1": "奇襲する方法を考えて、無謀に正面からは無理だ...",
  "electricShockNeck_2": "首を狙う！"
}