{
  "afterUseItem_1": "鍵を入れてみよう…ピッタリだ！",
  "afterUseItem_2": "懐中電灯を使ってみよう…USBメモリ端子があるんだ…",
  "afterUseItem_3": "USBメモリを端子に挿入した",
  "open_1": "グローブボックスはロックされている、開けられない",
  "open_2": "グローブボックス…あれっ、小さな瓶があるようだ…",
  "open_3": "グローブボックスを開けた",
  "open_4": "グローブボックスを閉めた",
  "open_5": "青い瓶を手に入れた"
}