{
  "afterUseItem_1": "이 열쇠로 열어보세요",
  "afterUseItem_2": "손전등으로 비춰보니…음? 여기에 USB 포트가 있는 것 같습니다…",
  "afterUseItem_3": "USB메모리를 USB포트게 꼽습니다",
  "open_1": "글러브 박스가 잠겨져 열리지 않습니다",
  "open_2": "글러브 박스를 열었습니다…어라? 안에 작은 병이 있습니다…",
  "open_3": "글러브 박스를 열었습니다",
  "open_4": "글러브 박스를 닫았습니다",
  "open_5": "작은 푸른색 병을 얻었습니다"
}