{
  "beforeLoad_1": "Clear! Congratulations!",
  "beforeLoad_2": "Consuming Time：",
  "beforeLoad_3": "Have fun? Don't forget to give us 5 rating stars!",
  "beforeLoad_4": "The Car of This Chapter - BMW 116i (2012)",
  "beforeLoad_5": "Follow-Up",
  "beforeLoad_6": "After I beat the bad guy with a wrench",
  "beforeLoad_7": "I have no choice but run",
  "beforeLoad_8": "The only way I can survive",
  "beforeLoad_9": "Is to escape this place",
  "beforeLoad_10": "I must summon the courage and forget the fear",
  "beforeLoad_11": "Think of a way to leave here as soon as possible!",
  "beforeLoad_12": "The only problem is",
  "beforeLoad_13": "There are more bad guys than I thought...",
  "beforeLoad_14": "For more information, please continue to play Chapter 6!",
  "beforeLoad_15": "(Hint: It's late night. We appreciate you enjoying the game but please take care yourself.)"
}