{
  "beforeLoad_1": "クリアおめでとうございます！",
  "beforeLoad_2": "クリア時間：",
  "beforeLoad_3": "面白かった？五つ星の評価はよろしく頼むよ!",
  "beforeLoad_4": "登場車 - BMW 116i (2012)",
  "beforeLoad_5": "事件の後に",
  "beforeLoad_6": "スパナでテロリストを倒した",
  "beforeLoad_7": "もう選択肢はない",
  "beforeLoad_8": "テロリストと戦うしかない",
  "beforeLoad_9": "自力で逃げなきゃ",
  "beforeLoad_10": "勇気を出して行動する",
  "beforeLoad_11": "一刻も早くここから逃げ出すんだ！",
  "beforeLoad_12": "しかし、テロリストは…",
  "beforeLoad_13": "一人じゃなかった…",
  "beforeLoad_14": "一体どんな事件に陥ったのか…引き続いてチャプター6をお楽しみに",
  "beforeLoad_15": "(チャプターをクリアする度に少し休もう、健康を大切にしてね~)"
}