{
  "beforeLoad_1": "恭喜您通关！",
  "beforeLoad_2": "本次通关耗时：",
  "beforeLoad_3": "玩的开心吗？去给我们5星级评价吧！",
  "beforeLoad_4": "本章出场车辆 - 宝马1系 116i (2012)",
  "beforeLoad_5": "事情后续",
  "beforeLoad_6": "抡起大扳手撂倒了坏人",
  "beforeLoad_7": "我已没有退路",
  "beforeLoad_8": "只有跟坏人斗智斗勇逃出这里",
  "beforeLoad_9": "才是我唯一活下去的方法",
  "beforeLoad_10": "我必须鼓足勇气忘掉恐惧",
  "beforeLoad_11": "尽快离开这里！",
  "beforeLoad_12": "可谁知抓我的坏人",
  "beforeLoad_13": "却不止一个...",
  "beforeLoad_14": "欲知详情，请继续玩第六章！",
  "beforeLoad_15": "(友情提醒：天色已晚，玩归玩，要注意身体哦！)"
}