{
  "beforeLoad_1": "축하합니다, 통과하였습니다!",
  "beforeLoad_2": "이번 통관 사용시간: ",
  "beforeLoad_3": "재밌었나요? 5개 별 평가를 해주세요!",
  "beforeLoad_4": "이번 장 출연 차량 - BMW 116i (2012)",
  "beforeLoad_5": "사건 후속",
  "beforeLoad_6": "스패너로 나쁜 사람을 쓰러뜨렸습니다",
  "beforeLoad_7": "뒤로 돌아갈 길이 없습니다",
  "beforeLoad_8": "나쁜 사람하고 지혜와 용기를 겨루어 이곳을 탈출해야 합니다",
  "beforeLoad_9": "이것이 살아남는 유일한 방법입니다",
  "beforeLoad_10": "반드시 용기를 내어 공포를 잊어버려야 합니다",
  "beforeLoad_11": "이곳을 빨리 나가야합니다!",
  "beforeLoad_12": "그런데 나를 붙잡은 나쁜 사람이",
  "beforeLoad_13": "한명인 것이 아니었습니다…",
  "beforeLoad_14": "상세한 내용은 제6장에서!",
  "beforeLoad_15": "(안내사항:밤이 깊어졌으니, 놀면서 건강도 챙겨야 합니다!)"
}