{
  "beforeLoad_1": "Clear! Congratulations!",
  "beforeLoad_2": "Consuming Time：",
  "beforeLoad_3": "Have fun? Don't forget to give us 5 rating stars!",
  "beforeLoad_4": "The Hotel of This Chapter - Super 8",
  "beforeLoad_5": "Follow-Up",
  "beforeLoad_6": "After a beautiful meal at the night market",
  "beforeLoad_7": "I was in a very good mood",
  "beforeLoad_8": "But on my way back to the hotel",
  "beforeLoad_9": "I just had a feeling that someone was following me...",
  "beforeLoad_10": "For more information, please continue to play Chapter 5!",
  "beforeLoad_11": "(Hint: It's late night. We appreciate you enjoying the game but please take care yourself.)"
}