{
  "beforeLoad_1": "クリアおめでとうございます！",
  "beforeLoad_2": "クリア時間：",
  "beforeLoad_3": "面白かった？五つ星の評価はよろしく頼むよ",
  "beforeLoad_4": "登場ホテル - Super 8 ホテル",
  "beforeLoad_5": "事件の後に",
  "beforeLoad_6": "屋台に行ってたっぷり食べた",
  "beforeLoad_7": "ハッピー~",
  "beforeLoad_8": "しかし、ホテルに帰る途中では",
  "beforeLoad_9": "誰かに狙われていると気がする…",
  "beforeLoad_10": "一体どんな事件に陥ったのか…引き続いてチャプター5をお楽しみに",
  "beforeLoad_11": "(チャプターをクリアする度に少し休もう、健康を大切にしてね~)"
}