{
  "beforeLoad_1": "恭喜您通关！",
  "beforeLoad_2": "本次通关耗时：",
  "beforeLoad_3": "玩的开心吗？去给我们5星级评价吧！",
  "beforeLoad_4": "本章出场酒店 - 速8",
  "beforeLoad_5": "事情后续",
  "beforeLoad_6": "在夜市上饱餐了一顿",
  "beforeLoad_7": "心情大好",
  "beforeLoad_8": "可是在走回酒店的路上",
  "beforeLoad_9": "却总觉得有人在跟踪我...",
  "beforeLoad_10": "欲知详情，请继续玩第五章！",
  "beforeLoad_11": "(友情提醒：天色已晚，玩归玩，要注意身体哦！)"
}