{
  "beforeLoad_1": "축하합니다, 통과하였습니다!",
  "beforeLoad_2": "이번 통관 사용시간: ",
  "beforeLoad_3": "재밌었나요? 5개 별 평가를 해주세요!",
  "beforeLoad_4": "이번 장 출연 호텔 - Super 8",
  "beforeLoad_5": "사건 후속",
  "beforeLoad_6": "야시장에서 배부르게 먹었습니다",
  "beforeLoad_7": "기분이 매우 좋습니다",
  "beforeLoad_8": "그런데 호텔에 돌아가는 길에",
  "beforeLoad_9": "자꾸 누군가가 미행하는 것 같습니다…",
  "beforeLoad_10": "상세한 내용은 제5장에서!",
  "beforeLoad_11": "(안내사항:밤이 깊어졌으니, 놀면서 건강도 챙겨야 합니다!)"
}