{
  "outWarehouse_1": "ドライブにディスク",
  "outWarehouse_2": "ボタンを押してみよう…ディスクが飛び出した",
  "outWarehouse_3": "電気システムは立ち上がっていない、操作はできない",
  "getCD_1": "ディスクを手に入れた",
  "warningLights_1": "ドアをアンロック…反応がない",
  "input_1": "電気システムは立ち上がっていない、反応がない",
  "input_2": "どのボタンを押しても反応がない…",
  "input_3": "パスワードは正しく入力した、再度入力する必要がない",
  "input_4": "何の音だ？右側から来たようだ",
  "input_5": "どのボタンを押しても反応がない…"
}