{
  "outWarehouse_1": "드라이브에 CD가 없습니다",
  "outWarehouse_2": "이 버튼을 누르니…아, CD 한장이 튕겨나왔습니다!",
  "outWarehouse_3": "차에 전기가 통하지 않아 조작할 수 없습니다",
  "getCD_1": "CD 한장을 얻었습니다",
  "warningLights_1": "차문 잠금해제 버튼을 누릅니다…반응이 없습니다",
  "input_1": "차에 전기가 통하지 않아 눌러도 반응이 없습니다",
  "input_2": "몇 개 버튼을 모두 눌러도 반응이 없습니다",
  "input_3": "입력한 비밀번호가 정확하여 다시 입력할 필요가 없습니다",
  "input_4": "어라? 무슨소리지?! 오른쪽에서 들여오는 것 같은데",
  "input_5": "몇 개 버튼을 모두 눌러도 반응이 없습니다"
}