{
  "outWarehouse_1": "There is no disk in the drive.",
  "outWarehouse_2": "Press the eject button...Huh? A disc is out.",
  "outWarehouse_3": "The car is power off. No response.",
  "getCD_1": "Get a CD.",
  "warningLights_1": "Press the door unlock button...No response.",
  "input_1": "The car isn't powered on. No response.",
  "input_2": "Press some of the buttons. None of them worked.",
  "input_3": "Password has been entered correctly. I don't need to enter it again.",
  "input_4": "Ah? What was that sound?! I heard it in my right direction.",
  "input_5": "Press some of the buttons. None of them worked."
}