{
  "outWarehouse_1": "驱动器里没有光盘了",
  "outWarehouse_2": "按下这个按钮...呀，有张光盘弹了出来！",
  "outWarehouse_3": "车没通电，不能操作",
  "getCD_1": "得到一张光盘",
  "warningLights_1": "按下车门解锁键...靠，完全没反应",
  "input_1": "车还没通电，按下去没反应",
  "input_2": "按了一堆按钮，都没反应...",
  "input_3": "密码已经输入正确，不用再输入一遍了",
  "input_4": "嗯？什么声音？！好像是从右边发出来的",
  "input_5": "按了一堆按钮，都没反应..."
}