{
  "afterLoad_1": "これは部屋を制御するインテリジェントコントローラー見たい",
  "afterLoad_2": "部屋コントローラー",
  "click_1": "コントローラーを適当に操作する...",
  "click_2": "引っくり返してみる",
  "click_3": "電池カバーを開いて...中に2本の電池がある！",
  "click_4": "電池カバーを開いて...中に何もない",
  "click_5": "コントローラーの中にもうなにもない",
  "click_6": "電池を外す",
  "click_7": "2本の電池を入手した"
}