{
  "afterLoad_1": "이건 이 방을 컨트롤하는 지능 제어기인 것 같습니다",
  "afterLoad_2": "방 제어기",
  "click_1": "제어기를 맘껏 눌러 봅니다...",
  "click_2": "뒤를 뒤집어 봅니다",
  "click_3": "전지 덮개를 빼보니...허, 안에 전지가 두 개 있습니다",
  "click_4": "전지 덮개를 빼보니...아무것도 없습니다",
  "click_5": "제어기에 아무것도 없습니다",
  "click_6": "전지를 빼냅니다",
  "click_7": "전지 두개를 얻었습니다"
}