{
  "handleSwipeFrom_1": "箱子已经掀开了",
  "handleSwipeFrom_2": "行李箱掀不开，被拉链锁着呢",
  "handleSwipeFrom_3": "掀开看看...哇！！！里面果然有东西！",
  "handleSwipeFrom_4": "掀开看看...里面没有东西了",
  "handleSwipeFrom_5": "左边划到这里应该够了",
  "handleSwipeFrom_6": "右边划到这里应该够了",
  "afterLoad_1": "行李箱里没有其他东西了",
  "afterLoad_2": "行李箱已经打开了",
  "afterLoad_3": "要怎样才能打开这个行李箱呢？",
  "afterUseItem_1": "不行，这根铅笔还没削出头呢，这根本没法插进拉链缝隙里啊",
  "afterUseItem_2": "用这根刚削好的铅笔试一试吧",
  "click_1": "得到一个神秘的信封",
  "click_2": "盖上箱子",
  "click_3": "掀开看看...里面果然有东西！",
  "click_4": "掀开看看...里面没有东西了",
  "click_5": "小华说的轻松，可我上哪找圆珠笔捅进拉链里啊？",
  "click_6": "嘿！还真能捅进去！",
  "click_7": "把铅笔再捅进去一点~",
  "click_8": "铅笔捅进去了，接下来呢？(往两边滑动拉开拉链，向上滑动掀开行李箱)"
}