{
  "handleSwipeFrom_1": "여행가방이 열렸습니다",
  "handleSwipeFrom_2": "여행가방이 열리지 않습니다. 지퍼가 잠겨져 있습니다",
  "handleSwipeFrom_3": "열어보세요...와!!! 역시 무언가가 있습니다!",
  "handleSwipeFrom_4": "열어보세요...아무것도 없습니다",
  "handleSwipeFrom_5": "왼쪽은 이만하면 된 것 같습니다",
  "handleSwipeFrom_6": "오른쪽은 이만하면 된 것 같습니다",
  "afterLoad_1": "여행가방에 다른 물건이 없습니다",
  "afterLoad_2": "여행가방이 이미 열렸습니다",
  "afterLoad_3": "어떻게 해야 이 여행가방을 열 수 있지?",
  "afterUseItem_1": "이 연필은 아직 깎지 않아 지퍼 틈 사이로 끼워넣을 수 없습니다",
  "afterUseItem_2": "여기 깎아놓은 연필이 있으니 한번 해보세요",
  "click_1": "이상한 봉투를 하나 얻었습니다",
  "click_2": "가방을 닫습니다",
  "click_3": "열어보세요...역시 안에 물건이 있습니다!",
  "click_4": "열어보세요...아무것도 없습니다",
  "click_5": "Howard 말은 쉽게 해도, 어디가서 원주필을 구한단 말인가?",
  "click_6": "허! 진짜 끼워넣어지네!",
  "click_7": "연필을 더 안으로 끼워넣으세요~",
  "click_8": "연필을 끼워넣은 후 그리고 무엇을 하지? (양 옆으로 지퍼를 밀고, 위로 밀어 여행가방을 여세요)"
}