{
  "handleSwipeFrom_1": "箱が開かれている",
  "handleSwipeFrom_2": "トランクを開けられない、ジッパーがロックされている",
  "handleSwipeFrom_3": "開けてみる...わ！！！やはり中に何かがある！",
  "handleSwipeFrom_4": "持ち上げてみて...中に何もない",
  "handleSwipeFrom_5": "左側がここまでスライドしたから十分でしょう",
  "handleSwipeFrom_6": "右側がここまでスライドしたから十分でしょう",
  "afterLoad_1": "トランクに他のものがない",
  "afterLoad_2": "トランクを開けた",
  "afterLoad_3": "どうすれば'トランクを開けられるのか？",
  "afterUseItem_1": "駄目だ、この鉛筆はまだ削っていない、ジッパーの隙間に入れない",
  "afterUseItem_2": "この削った鉛筆でやってみて",
  "click_1": "謎の封筒を入手した",
  "click_2": "箱の蓋を閉める",
  "click_3": "持ち上げてみて...やはり、中にいいものがある！",
  "click_4": "持ち上げてみて...中に何もない",
  "click_5": "Howardは言うことが簡単だが、私はどこにボールペンを探すのだ？",
  "click_6": "へ！本当に挿し込める！",
  "click_7": "鉛筆をもっと入れる",
  "click_8": "鉛筆を挿した、次は？(両側にスライドしてジッパーを開く、上にスライドしてトランクをあける)"
}