{
  "handleSwipeFrom_1": "Luggage opened.",
  "handleSwipeFrom_2": "The luggage can't be opened. It's locked.",
  "handleSwipeFrom_3": "Open the luggage...Wow!!! There's really something in it!",
  "handleSwipeFrom_4": "Open the luggage...No more things.",
  "handleSwipeFrom_5": "Left side is opened.",
  "handleSwipeFrom_6": "Right side is opened.",
  "afterLoad_1": "There's nothing more in the luggage.",
  "afterLoad_2": "Luggage opened.",
  "afterLoad_3": "How can I open the luggage?",
  "afterUseItem_1": "No way. The pencil hasn't been sharpened. There's no tip to dig into the zip.",
  "afterUseItem_2": "Let me try this sharpened pencil.",
  "click_1": "Get a mysterious envelope.",
  "click_2": "Luggage closed.",
  "click_3": "Open the luggage...There's really something in it!",
  "click_4": "Open the luggage...No more things.",
  "click_5": "Howard told me to find a pen. Where could I find a pen?",
  "click_6": "Hey! It really digs in!",
  "click_7": "Dig a little deeper.",
  "click_8": "The pencil is in. What's next? (Try swiping finger)"
}