{
  "click_1": "Mike는 중고 BMW를 구매한 후부터 매일 몰고 놀러 나갑니다",
  "click_2": "이날, 모두들 함께 교외에 가서 재밌게 놀았습니다",
  "click_3": "하지만, 돌아오는 길에 Mike는 기어코 다른 팀과 떨어져 지름길로 갔습니다",
  "click_4": "결과는 모두다 알다시피, 그는 길을 잃었고 우리는 황량한 야외에 남겨졌습니다",
  "click_5": "날은 담방 어두워질 것 같고, 우리는 이 숲을 도무지 못 나가고 있었습니다",
  "click_6": "이곳은 핸드폰 신호도 없고, 날도 어두워 지는데 이제 어떻게 할지 모르겠습니다",
  "click_7": "휴, 차를 빈터에 세우고, 오늘은 차 안에서 자고 일어나 낼 다시 생각해봐야 되겠습니다",
  "click_8": "자기전에 창문을 조금 내려 통풍되게끔 해야지 아니면 질식할 수 있습니다",
  "click_9": "정신이 흐리멍텅한 중에, 차문이 열리는 소리를 들은 것 같습니다…",
  "click_10": "그리고 차가 누군가에 의해 어디로 가고 있는듯 합니다",
  "click_11": "하지만 몸은 마취약을 맞은 듯 힘이 없고 그 다음은 아무것도 기억이 나지 않습니다",
  "click_12": "얼마 지났는지 모르지만, 드디어 깨어났습니다…",
  "click_13": "주위는 어두컴컴하고, 손으로 주위를 만져보니 무슨 버튼이 있는 듯 했습니다"
}