{
  "click_1": "Since Mike bought his second-hand BMW, he likes driving it everywhere.",
  "click_2": "One day, we decided to go countryside. It was fun.",
  "click_3": "But who knows what's wrong with Mike, he left the team and wanted to try a shortcut.",
  "click_4": "The result was obvious. We totally got lost in the wilderness.",
  "click_5": "It was going to be night soon. We tried every path but just can't get out of the woods.",
  "click_6": "No cell phone signal to get help, no idea what to do. The dark's coming.",
  "click_7": "Alas. Finally We decided to pull over and sleep in the car. Just wait for the next day's morning.",
  "click_8": "We left a small gap of the window for getting fresh air, preventing from being stifled.",
  "click_9": "While I was in a daze, I heard a sound of the door open...",
  "click_10": "Then I realized the car was started and moving...",
  "click_11": "I wanted to wake up but I was like narcotized and couldn't move. After then, I lost consciousness...",
  "click_12": "I don't know how long it passed, I finally woke up...",
  "click_13": "The dark is full around me. I tried to turn on some lights and realized..."
}