{
  "click_1": "MikeのやつはBMWに乗り換えてからドライブ中毒になった",
  "click_2": "ある日、郊外ドライブに行った",
  "click_3": "帰り道は寄り道を走ろうとあいつが勝手に決めた",
  "click_4": "結局、迷子になちゃった…",
  "click_5": "どうやってもこの森から抜け出せないうちに、日暮れが近づいてきた",
  "click_6": "しかも、携帯の電波も届けない…どうしよう？",
  "click_7": "しょうがない、とりあえず車で朝までに我慢しよう",
  "click_8": "うむ…少し窓を開けとかないと息苦しくなる",
  "click_9": "意識朦朧の中、誰かドアを開けたような気がして…",
  "click_10": "そして車をどこかに向かって…",
  "click_11": "しかし、朦朧は深くなりつつ、ついに何も知らなくなった…",
  "click_12": "あぁ…醒めた…",
  "click_13": "何も見えない真っ暗だ。周りを触ってみよう…スイッチのようなものがある…"
}