{
  "click_1": "自打小明买了这二手宝马，就整天开出去玩",
  "click_2": "这天，大家相约去郊游，玩的非常高兴",
  "click_3": "可谁知在回程的路上，小明非要脱离队伍带我走一条近路",
  "click_4": "结果可想而知，他迷路了，我们被抛在了荒郊野外",
  "click_5": "眼看天就要黑了，我们却怎么也走不出这片树林",
  "click_6": "这里手机又没有信号，这可怎么办啊，天马上就要黑了",
  "click_7": "唉，还是把车靠边停在空地上，今晚就睡在车里，明天天亮再说吧",
  "click_8": "不过睡觉前得把窗户留个缝用来通气，不然可就窒息了",
  "click_9": "迷迷糊糊中，我好像听到了车门打开的声音...",
  "click_10": "然后又感觉到车被人开走了...",
  "click_11": "可是我却像被打了麻药似的浑身无力，再然后，便什么都不知道了...",
  "click_12": "不知道过了多久，我终于醒来了...",
  "click_13": "周围一片漆黑。随手打开了某个灯，这才发现..."
}