{
  "beforeLoad_1": "ドアを開けた",
  "afterLoad_1": "車に乗り込んだ…",
  "open_1": "ドアを開けた",
  "open_2": "ドアを開けてみよう…なんで開けられなくなった？",
  "close_1": "ドアを閉めた",
  "touchesBegan_1": "Howardの車はなかなか乗り心地がいいな",
  "touchesBegan_2": "後席をやめよう",
  "touchesBegan_3": "彼は気にしないはずだけど、自分は納得できないな",
  "touchesBegan_4": "まあとにかくほかの席に座ろう"
}