{
  "beforeLoad_1": "차문이 열렸습니다",
  "afterLoad_1": "차안에 왔습니다…",
  "open_1": "차문이 열렸습니다",
  "open_2": "문을 열어 봅니다…어라? 이상하게 문이 열리지 않습니다",
  "close_1": "차문이 닫혔습니다",
  "touchesBegan_1": "Howard가 몰고온 차가 참 럭셔리합니다",
  "touchesBegan_2": "Howard는 나의 친구인데 내가 뒷좌석에 앉으면 좋지 않을 것 같습니다…",
  "touchesBegan_3": "비록 Howard는 신경쓰지 않을 수 있지만, 그래도 실례를 하지 않는게 좋습니다",
  "touchesBegan_4": "내려서 자리를 바꾸는게 좋을 것 같습니다"
}