{
  "beforeLoad_1": "车门打开了",
  "afterLoad_1": "来到了车内...",
  "open_1": "车门打开了",
  "open_2": "尝试开门...嗯？奇怪，这门怎么打不开了？",
  "close_1": "车门关上了",
  "touchesBegan_1": "想不到小华开来的车还挺豪华的",
  "touchesBegan_2": "小华是我朋友，如果我坐在后排，怕是不太妥当吧...",
  "touchesBegan_3": "虽说小华不会在意，但我还是不要失礼为好",
  "touchesBegan_4": "还是先出去，换个位置坐吧"
}