{
  "beforeLoad_1": "Door is opened.",
  "afterLoad_1": "Get in the car...",
  "open_1": "Door is opened.",
  "open_2": "Try to open the door...It's so weird! Why the door won't open?",
  "close_1": "Door is closed.",
  "touchesBegan_1": "I didn't expected Howard would drive such a luxury car to pick me up.",
  "touchesBegan_2": "Howard is my friend. It's impolite to sit in the back seat. I'm not his boss. He's not my driver.",
  "touchesBegan_3": "Although Howard won't mind, I still should behave politely.",
  "touchesBegan_4": "I'd better change another seat."
}