{
  "afterUseItem_1": "床底下已经没有东西了",
  "afterUseItem_2": "里面塞着个什么玩意儿，拿出来看看",
  "afterUseItem_3": "用筷子勾一勾，勾出来了",
  "lookBedDown_1": "床底下已经没有东西了",
  "lookBedDown_2": "这个烧水的家伙居然跑到了床底下？还能不能用了啊？不会坏了吧？",
  "lookBedDown_3": "哎呀，手伸不进去啊，怎么才能把里面的东西拿出来呢？",
  "lookBedDown_4": "黑乎乎的，什么都没看到"
}