{
  "afterUseItem_1": "침대밑에 아무것도 없습니다",
  "afterUseItem_2": "안에 무언가가 끼여져 있습니다. 꺼내 봅니다",
  "afterUseItem_3": "젓가락으로 빼내봅니다",
  "lookBedDown_1": "침대밑에 아무것도 없습니다",
  "lookBedDown_2": "물을 끓이는 것이 침대 밑에 떨어졌네? 쓸 수 있나? 고장 난건 아니겠지?",
  "lookBedDown_3": "아이고, 팔이 닿지 않습니다. 어떻게 안에 물건을 꺼낼 수 있을까?",
  "lookBedDown_4": "캄캄해서 아무것도 보이지 않습니다"
}