{
  "beforeLoad_1": "洗面台の水は冷めた",
  "beforeLoad_2": "洗面台",
  "afterUseItem_1": "ポットに水がない、洗面台に注げない...",
  "afterUseItem_2": "洗面台の水は冷めた、まず冷たい水を流してから、お湯を入れよう",
  "afterUseItem_3": "ポットにあるお湯を洗面台に注ぐ...",
  "afterUseItem_4": "ポットにある冷たい水を洗面台に注ぐ...",
  "afterUseItem_5": "洗面台に冷たい水が貯まっている...使い道がない",
  "afterUseItem_6": "あっ、洗面台がブロックされていない、水は流された",
  "click_1": "ストッパーを押下して、洗面台をブロックする",
  "click_2": "ストッパーを持ち上げて、水を流す",
  "click_3": "ストッパーを持ち上げる",
  "open_1": "蛇口を閉める",
  "open_2": "蛇口を開けて...おかしい、水が出ない！"
}