{
  "beforeLoad_1": "水池里的水已经凉了",
  "beforeLoad_2": "水池",
  "afterUseItem_1": "水壶里没有水，不能把水倒入水池...",
  "afterUseItem_2": "水池里的水已经凉了，还是先把凉水都放掉再倒热水吧",
  "afterUseItem_3": "把水壶里的开水倒进水池中...",
  "afterUseItem_4": "把水壶里的凉水倒进水池中...",
  "afterUseItem_5": "水池里积蓄了一些凉水...没什么用嘛",
  "afterUseItem_6": "哎呀，水池没堵上，水都漏光了",
  "click_1": "按下塞子，把水池堵上",
  "click_2": "抬起塞子，水都放掉了",
  "click_3": "抬起水池的塞子",
  "open_1": "关上水龙头",
  "open_2": "打开水龙头...奇怪，居然不出水！"
}