{
  "beforeLoad_1": "싱크대에 물이 이미 식었습니다",
  "beforeLoad_2": "싱크대",
  "afterUseItem_1": "포트에 물이 없어 싱크대에 물을 부을 수 없습니다",
  "afterUseItem_2": "싱크대에 물이 이미 식었습니다. 먼저 식은 물을 버리고 다시 뜨거운 물을 부으세요",
  "afterUseItem_3": "포트에 뜨거운 물을 싱크대에 붓습니다...",
  "afterUseItem_4": "포트에 차거운 물을 싱크대에 붓습니다...",
  "afterUseItem_5": "싱크대에 일부 차거운 물이 고여있는데...쓸모가 없습니다",
  "afterUseItem_6": "아이고. 싱크대를 막지 않아 물이 모두 흘러버렸습니다",
  "click_1": "마개를 눌러 싱크대를 막았습니다",
  "click_2": "마개를 들고 물을 전부 버렸습니다",
  "click_3": "싱크대의 마개를 들었습니다",
  "open_1": "수도꼭지를 닫았습니다",
  "open_2": "수도꼭지를 열었습니다...이상하다. 물이 나오지 않다니!"
}