{
  "beforeLoad_1": "The water in the sink is already cooled down.",
  "beforeLoad_2": "Sink.",
  "afterUseItem_1": "No water in the kettle. Can't pour the water into the sink...",
  "afterUseItem_2": "The water in the sink is already cooled down. Better drain it first and then pour the hot water.",
  "afterUseItem_3": "Pour the hot water into the sink...",
  "afterUseItem_4": "Pour the cool water into the sink...",
  "afterUseItem_5": "A pool of cool water...Useless.",
  "afterUseItem_6": "Oh shit! The sink hasn't been plugged and all the hot water runs away...",
  "click_1": "Push the plug. The sink can hold water now.",
  "click_2": "Pull the plug. The water runs away.",
  "click_3": "Pull the water.",
  "open_1": "Turn off the tap.",
  "open_2": "Turn on the tap...Weird! There's no water coming out!"
}