{
  "click_1": "まあ、Howardが来るまで待ってやろうか…",
  "click_2": "あぁ…疲れた、一休み、一休み…",
  "click_3": "あれ、Howardのやつはまだ来ていない？",
  "click_4": "どうしたんだろう、電話をかけてみよう",
  "click_5": "ポケットからiPhoneを取り出した",
  "click_6": "あれっ？電池残量ゼロ？！しまった、充電を忘れた",
  "click_7": "さらに充電器も忘れた…",
  "click_8": "だから来る途中にHowardからずっと連絡がなかった…まあ探しに行こう",
  "click_9": "あれ？ドアを開けられない？",
  "click_10": "アンロックスイッチを…また開けられなくなった！",
  "30minutes": "30分後…"
}
