{
  "click_1": "Well, I guess I'd better just sit here and wait for Howard's back...",
  "click_2": "These days I'm too nervous, and the flight is exhausting me. I need close my eyes and take a rest...",
  "click_3": "Weird. It's so long. Why hasn't Howard come back?",
  "click_4": "Did something happen to him? Let me give him a call.",
  "click_5": "Take out my iPhone from my pocket.",
  "click_6": "What?! Out of battery?! Oh yes, I remembered I forgot to charge the iPhone last night.",
  "click_7": "And even worse, I left the charger at home...How could I be so careless...",
  "click_8": "Maybe that's just the reason why Howard can't contact me for such a long time. I'd better go back and look for him.",
  "click_9": "Unlock the door, open it... Ah! The door won't open!",
  "click_10": "Unlock the door, open it... Ah! The door won't open!",
  "30minutes": "30 minutes later..."
}
