{
  "click_1": "그래, 가만이 앉아Howard가 화장실 다녀오기를 기다려야지… ",
  "click_2": "요 몇일 너무 긴장함과 더불어 오는 길이 피곤하여 잠깐만 눈을 붙이겠습니다…",
  "click_3": "이상하다. 이렇게 오래 지났는데Howard가 왜 아직도 안 오지?",
  "click_4": "무슨 일이 일어난 건 아닐까? 그한테 전화 해보겠습니다",
  "click_5": "주머니에서iPhone을 꺼냅니다",
  "click_6": "헐, 배터리가 없다?! 아, 이제야 기업납니다. 어제 저녁에iPhone을 충전하는 것을 까먹었습니다",
  "click_7": "최악인 건, 이번에 떠나기 전에 하도 급하여 충전기도 까먹고 안 가지고 왔습니다. 휴, 정말 세심하지 못합니다…",
  "click_8": "어쩐지 이렇게 오래동안Howard가 연락을 하지 않는다 했습니다. 다시 돌아가 그를 찾아봐야 되겠습니다",
  "click_9": "문을 열고 나가려 하는데…아! 이 문이 왜 열리지 않지?",
  "click_10": "잠금해제, 문 열기…헉! 이 문이 열리지 않습니다!",
  "30minutes": "30분후…"
}
