{
  "click_1": "嗯，我还是乖乖坐在车里，等小华上完厕所回来吧...",
  "click_2": "这几天精神紧张，再加上旅途劳累，还是闭上眼睛休息一会儿吧...",
  "click_3": "奇怪，都这么久了，小华怎么还没回来？",
  "click_4": "他不会出什么事了吧？打个电话给他",
  "click_5": "从兜里摸出了iPhone",
  "click_6": "我靠，没电？！唉，我想起来了，昨天晚上居然忘了给iPhone充电了",
  "click_7": "更糟糕的是，这次临行前太急，充电器也忘了带了。唉，我太粗心了...",
  "click_8": "怪不得这么久小华都不联系我，要不我还是回去找找他吧",
  "click_9": "打开车门出去...呀！这车门怎么打不开了？",
  "click_10": "解锁、开门...呵！这车门居然打不开了！",
  "30minutes": "30分钟后..."
}
