{
  "shockSuccess_1": "はは！悪者は気絶した！",
  "shockSuccess_2": "悪者をボデイチャックして、役に立てそうなものを探して",
  "shockSuccess_3": "何もない、見つかれない場所に隠そう、まずMikeを探すのだ",
  "shockFailure_1": "しまった！悪者は痛みを我慢して、パンチ一発で私を倒した...",
  "shockFailure_2": "私が殴られて...おしまいだ...",
  "shockFailure_3": "(焦るな、よく考えて、GAME OVER前の状態に戻る)"
}