{
  "shockSuccess_1": "하하! 나쁜 사람이 쓸어졌습니다!",
  "shockSuccess_2": "나쁜 사람 몸에 쓸모 있는 물건이 없는지 한번 살펴보세요",
  "shockSuccess_3": "이 사람 몸에 아무것도 없습니다. 한 쪽으로 끌어 당기고, 빨리 내려가서 Mike를 찾으세요~",
  "shockFailure_1": "이런! 나쁜 사람이 전기충격의 고통을 참고 돌아서 저를 쓰러뜨렸습니다......",
  "shockFailure_2": "한바탕 두들겨 맞았습니다...죽었다...",
  "shockFailure_3": "(괜찮아요, 다시 방법을 찾아보세요. 잠시후 GAME OVER 전으로 돌아갑니다)"
}