{
  "afterLoad_1": "鍵を挿した、電気も通した",
  "afterLoad_2": "電動自転車の鍵穴に、鍵を挿した",
  "afterLoad_3": "電動自転車の鍵穴",
  "afterUseItem_1": "この鍵を試して...へ！ぴったりだ！",
  "open_1": "電動自転車の車輪は空転している。電源を切らないほうがいい",
  "open_2": "鍵を回して...よし！電気も通した！",
  "open_3": "鍵を回して...え？何で反応がないのだ？",
  "open_4": "もう一回、回して、電源を切る状態に戻る"
}