{
  "afterLoad_1": "钥匙已经插上了，车也通电了",
  "afterLoad_2": "电动自行车的钥匙孔，钥匙已经插上了",
  "afterLoad_3": "电动自行车的钥匙孔",
  "afterUseItem_1": "试试这把钥匙...嘿，正好插进去了！",
  "open_1": "电动自行车的轮子已经在空转了，还是不要断电了",
  "open_2": "拧一下钥匙...哦耶！车通电了！",
  "open_3": "拧一下钥匙...嗯？怎么什么反应都没有？",
  "open_4": "再拧一下，回到断电状态"
}