{
  "afterLoad_1": "열쇠를 꼽았고, 차도 전기가 통합니다",
  "afterLoad_2": "전기자동차의 열쇠 구멍에 열쇠를 이미 꼽았습니다",
  "afterLoad_3": "전기 자동차의 열쇠 구멍",
  "afterUseItem_1": "이 열쇠를 한번 꼽아보세요...하, 딱 맞습니다!",
  "open_1": "전기 자전거의 바퀴가 허공에서 돌아갑니다. 정전을 하지 마세요",
  "open_2": "열쇠를 돌려보세요...오예! 차에 전기가 통하였습니다!",
  "open_3": "열쇠를 돌려보세요...어? 왜 아무런 반응이 없지?",
  "open_4": "다시 돌려 정전 상태로 돌아갔습니다"
}