{
  "afterLoad_1": "ドアを開けて...しまった！ドアが開けられない！私が閉じ込まれた！",
  "afterUseItem_1": "ルームカードを入れて、取り合えず電気をつける",
  "open_1": "ドアがロックされた、開けられない",
  "open_2": "ドアを開けて...ええ！ドアが開けられない",
  "openLamp_1": "ルームカードのスロットだ。カードを挿し、電気をつける。しかし、カードはまだ挿されていない",
  "openLamp_2": "ルームカードを挿した。部屋に電気が流れた"
}