{
  "afterLoad_1": "문 열어...이런! 문이 열리지 않아! 갇혀버렸어!",
  "afterUseItem_1": "방카드를 꼽고 일단 방안에 전기가 통하게 하고 보세요",
  "open_1": "문이 잠겨져 어떻게 열어도 열리지 않습니다",
  "open_2": "문 열어...아! 문이 열리지 않습니다",
  "openLamp_1": "방 카드 슬롯. 카드를 꼽으면 전기가 통하는데 아직 카드가 꼽혀있지 않습니다",
  "openLamp_2": "방 카드를 꼽았습니다. 방안에 전기가 들어왔습니다"
}