{
  "animation_1": "문이 열렸고, 나쁜 사람이 지금 앞에 있습니다. 나를 보지 못한 것 같습니다~",
  "click_1": "혼자서 Ping이 조사했던 주택단지를 찾아왔습니다. Mike가 이곳에 갇혀있을 수 있습니다",
  "click_2": "어떤 위험이 있을지 모르니, 먼저 Ping 이 준 방어용 전등을 준비하고 나쁜 사람을 만나면 사용해야지!",
  "click_3": "한 바퀴 찾아 다녔는데, Ping 이 조사한 자전거 창고가 아마도 이곳인 것 같은데, Mike가 아래에 있을 수 있습니다!",
  "click_4": "빨리 내려가 Mike를 구하세요!",
  "click_5": "아! 문이 잠겨져 열리지 않습니다! 어떻게 하지?",
  "click_6": "먼저 숨어 있으면서 상황을 관찰하세요",
  "click_7": "아! 누가 왔습니다! 지금 문을 열고 있습니다",
  "afterDaybreak": "날이 밝으니, 역시 누군가가 왔습니다..."
}
