{
  "animation_1": "ドアが開いた。悪者は目の前にいる、やつは私を気づかなかった~",
  "click_1": "一人でPingが調査した住宅区域に来た。多分Mikeはここにいる",
  "click_2": "危険があるかもしれないから、先にPingから貰ったスタンガンを用意するのだ。悪者と会ったら、これでやっつける！",
  "click_3": "探したが、Pingが言った自転車駐輪場はここだそうだ。Mikeは下にいるかもしれない！",
  "click_4": "速くMikeを助けに行こう",
  "click_5": "ドアはロックされて、開かない！どうしよう？",
  "click_6": "とりあえず隠そう、状況を確認する",
  "click_7": "あ！誰かが来る！正門にいる！",
  "afterDaybreak": "夜明け後、やはり人が来た..."
}
