{
  "animation_1": "Door is opened. Bad guy is just in front of me. He hasn't noticed me.",
  "click_1": "Come here alone by myself. According to Ping, Mike might be here.",
  "click_2": "It's a good idea always get ready for danger. Take out the self-defense flashlight. If anyone stands in front of me, I'll show him no mercy!",
  "click_3": "Yes, this should be the entry of the garage that Ping found. Mike might be down there!",
  "click_4": "Go and rescue Mike!",
  "click_5": "Shit! The door is locked! I can't open it. What should I do now?",
  "click_6": "Alright. Take it easy. I'd better hide somewhere and see if someone will come.",
  "click_7": "Ah! Someone is here! He's opening the door!",
  "afterDaybreak": "At day, someone is coming..."
}
