{
  "animation_1": "门打开了，坏人就在前面，他没发现我~",
  "click_1": "独自一人来到小平调查过的居民小区，小明可能就被关在这里",
  "click_2": "不知会有什么危险，还是先把小平给我的防狼手电准备好吧，遇到坏人我就电他！",
  "click_3": "找了一圈，小平打探到的自行车库应该就是这里了，小明可能就在下面！",
  "click_4": "赶快下去救小明吧！",
  "click_5": "呀！门是锁着的，打不开啊！这可怎么办？",
  "click_6": "找个地方先躲起来，观察一下情况吧",
  "click_7": "啊！有人来了！他正在开门！",
  "afterDaybreak": "天亮后，果然有人来了..."
}
