{
  "afterLoad_1": "The scooter is on its cruise mode. The wheel is spinning...",
  "afterLoad_2": "The throttle of the electric scooter.",
  "buttonTouchesEnd_1": "Press it...No response. Maybe it's because the scooter isn't powered on.",
  "buttonTouchesEnd_2": "So weird. This button works as a timer. What's it doing?",
  "buttonTouchesEnd_3": "Nothing really happened...Maybe I hold it not long enough?",
  "buttonTouchesEnd_4": "Haha! So this button turns out to be the cruise control button! Now the wheel is spinning by itself. My hands are released."
}
