{
  "afterLoad_1": "전기 자전거가 등속 순항상태에 들어갔고, 뒤 바퀴가 허공에서 돌아가고 있습니다...",
  "afterLoad_2": "전기자전거의 “엔진”...",
  "buttonTouchesEnd_1": "눌러보세요...반응이 없습니다. 아직 전기가 통하지 않은 원인인 것 같습니다",
  "buttonTouchesEnd_2": "이상하다. 이 버튼을 누르면 시간을 재는 것 같은데 이건 뭐지?",
  "buttonTouchesEnd_3": "특별한 반응이 없습니다...너무 오래 눌러서 그런가?",
  "buttonTouchesEnd_4": "하하! 이 버튼을 계속 누르고 있으면 등속 순항이네! 바퀴가 자기절로 허공에서 돌아가고 있습니다. 드디어 손을 놓아도 됩니다"
}
