{
  "afterLoad_1": "電動自転車はクルーズコントロール状態に入った。後輪は空転している...",
  "afterLoad_2": "電動自転車のアクセラレータ...",
  "buttonTouchesEnd_1": "押して...反応なし、まだ電気が通していないせいか",
  "buttonTouchesEnd_2": "変だな、このボタンを押すとタイムをカウントしているみたい。これは何？",
  "buttonTouchesEnd_3": "特別な反応がない見たい...押す時間は短いから？",
  "buttonTouchesEnd_4": "はは、なるほど、このボタンを押すと、クルーズコントロールになるのだ！車輪は空転し始まった。やっと両手を解放した"
}
