{
  "afterLoad_1": "电动自行车已经进入定速巡航状态了，后轮空转ing...",
  "afterLoad_2": "电动自行车的“油”门...",
  "buttonTouchesEnd_1": "按一下...没反应，应该是车还没通电的原因吧",
  "buttonTouchesEnd_2": "奇怪，这个按钮按住后好像是在计时一样，它这是在干什么呢？",
  "buttonTouchesEnd_3": "好像没什么特别的反应嘛...难道是按的时间太短？",
  "buttonTouchesEnd_4": "哈哈，原来这个按钮一直按住就是定速巡航啊！轮子自己空转起来了，我总算可以解放双手了"
}
