{
  "clickDeskCh_1": "",
  "clickDeskCh_2": "",
  "clickDeskCh_3": "",
  "clickDeskCh_4": "",
  "clickDeskCh_5": "",
  "afterUseItem_1": "Huh? It seems the base still could work.",
  "afterUseItem_2": "Put the kettle on and make the water boiling.",
  "afterUseItem_3": "No water in the kettle. I need to fill in some water first.",
  "takeKettle_1": "Nothing here.",
  "takeKettle_2": "The kettle can be used to make some boiled water.",
  "clickDesk_1": "(Bubble ~ ~ Bubble ~ ~)",
  "clickDesk_2": "The water is boiling.",
  "clickDesk_3": "The base is connected to the power.",
  "clickDeskOther_1": "(Bubble ~ ~ Bubble ~ ~)",
  "clickDeskOther_2": "Oh I see! Pain can make me wake from dream! It's a strong kick!",
  "clickDeskOther_3": "But how could I make myself pain? Knock head against the wall! Pinch myself! No, they're too weak. I need something strong.",
  "clickDeskOther_4": "(Bubble ~ ~ Bubble ~ ~)",
  "clickDeskOther_5": "Boiling water? Oh yes, I can pour this boiling hot water all over my body!",
  "clickDeskOther_6": "This must hurt me like hell! But probably it's just the best way for me to wake up from this nightmare...",
  "clickDeskOther_7": "Jesus! Now I'll do it!",
  "clickDeskOther_8": "Ah!!!"
}