{
  "clickDeskCh_1": "(咕嘟～～咕嘟～～)",
  "clickDeskCh_2": "哦！原来“醍醐灌顶”是这么个意思！！",
  "clickDeskCh_3": "要把这滚烫的热水倒在头上吗？？？",
  "clickDeskCh_4": "我要倒了啊！",
  "clickDeskCh_5": "啊！！！",
  "afterUseItem_1": "咦？看来这个底座还能用",
  "afterUseItem_2": "水壶放上去烧水吧",
  "afterUseItem_3": "水壶里没水，就这样烧会把壶烧坏的，还是先装满水再烧吧",
  "takeKettle_1": "已经没有东西了",
  "takeKettle_2": "这个热水壶貌似可以用来烧点水喝哦",
  "clickDesk_1": "(咕嘟～～咕嘟～～)",
  "clickDesk_2": "水已经烧热了",
  "clickDesk_3": "已经把底座插在电源上了",
  "clickDeskOther_1": "(咕嘟～～咕嘟～～)",
  "clickDeskOther_2": "哦，明白了！可以用疼痛来把自己从梦中刺激醒啊！！",
  "clickDeskOther_3": "那怎么才能让自己疼呢？撞墙！掐自己！都不管用啊！",
  "clickDeskOther_4": "(咕嘟～～咕嘟～～)",
  "clickDeskOther_5": "难道，是要把这滚烫的热水倒在身上吗？？？",
  "clickDeskOther_6": "这一定疼死个人了，不过也许还真能把我刺激醒...",
  "clickDeskOther_7": "好吧，我要倒了啊！",
  "clickDeskOther_8": "啊！！！"
}