{
  "clickDeskCh_1": "",
  "clickDeskCh_2": "",
  "clickDeskCh_3": "",
  "clickDeskCh_4": "",
  "clickDeskCh_5": "",
  "afterUseItem_1": "어라? 이 밑받침대는 쓸 수 있는 것 같습니다",
  "afterUseItem_2": "전기주전자를 올려놓고 물을 끓여보세요",
  "afterUseItem_3": "주전자에 물이 없어 이렇게 끓이면 주전자가 고장납니다. 먼저 물을 부어넣고 끓여야 합니다",
  "takeKettle_1": "다른 물건이 없습니다",
  "takeKettle_2": "이 주전자로 물을 끓여 마일 수 있는 것 같습니다",
  "clickDesk_1": "(펄펄~~펄펄~~)",
  "clickDesk_2": "물이 끓었습니다",
  "clickDesk_3": "밑받침을 전원에 연결하였습니다",
  "clickDeskOther_1": "(펄펄~~펄펄~~)",
  "clickDeskOther_2": "아, 알겠습니다! 아픔으로 자신을 꿈에서 깨어나게 하는 것 입니다!!",
  "clickDeskOther_3": "그럼 어떻게 해야 아프게 하지? 벽에 부딛쳐! 꼬집어! 다 소용이 없습니다!",
  "clickDeskOther_4": "(펄펄~~펄펄~~)",
  "clickDeskOther_5": "그럼 이 뜨거운 물을 몸에 붓어볼까???",
  "clickDeskOther_6": "이건 완전 아플껀데, 그러면 정말 놀라서 깨날 수도 있을거야…",
  "clickDeskOther_7": "좋아. 그럼 붓어볼께!",
  "clickDeskOther_8": "아! ! !"
}