{
  "clickDeskCh_1": "",
  "clickDeskCh_2": "",
  "clickDeskCh_3": "",
  "clickDeskCh_4": "",
  "clickDeskCh_5": "",
  "afterUseItem_1": "電源スタンドはまた使えそうだ",
  "afterUseItem_2": "ケトルでお湯を沸かそう",
  "afterUseItem_3": "ケトルに水を入れよう",
  "takeKettle_1": "もう何もない",
  "takeKettle_2": "電気ケトルでお湯を沸かそう",
  "clickDesk_1": "(お湯が沸いている)",
  "clickDesk_2": "お湯を沸かした",
  "clickDesk_3": "電源スタンドをコンセントに繋いだ",
  "clickDeskOther_1": "(お湯が沸いている)",
  "clickDeskOther_2": "なるほど、痛みをつければ醒めるんだ",
  "clickDeskOther_3": "どうやって痛みをつけるのだろう？壁に突っ込む？自分を殴る？全然無駄だ！",
  "clickDeskOther_4": "(お湯が沸いている)",
  "clickDeskOther_5": "もしかして…自分にお湯をかける？？？",
  "clickDeskOther_6": "冗談じゃねぇよ！！しかしいけるかも…",
  "clickDeskOther_7": "むぅぅぅぅ…もうかけるぞ！",
  "clickDeskOther_8": "あぁぁぁっ！！！"
}