{
  "tinkey": "小铁片钥匙，看起来只能用来开很小的锁",
  "rescue": "BMW急救包，有了它就能第一时间处理伤口了",
  "tool": "一堆袖珍小工具，有工具总比没有要好",
  "redlamp": "应急红灯，亮度不大，勉强凑合着照亮吧",
  "bluekey1": "造型奇特的钥匙，完整宝马车钥匙的一部分",
  "bluekey2": "宝马车钥匙，缺了一个角，不能用",
  "pin": "曲别针，小时候老拿它撬锁玩",
  "cd": "一张光盘，上面还印着奇怪的数字",
  "bluekey": "完整的宝马车钥匙",
  "tin": "铁盒，摇一摇听一听，里面肯定装了不少东西"
}
