{
  "tinkey": "小さな鍵、小さなロックしか開けられない",
  "rescue": "BMWの救急バッグ、これですぐに手当できる",
  "tool": "ポケット道具セット、ないよりマシだ",
  "redlamp": "赤い非常ランプ、一応使える",
  "bluekey1": "変な鍵、完成したBMW鍵の一部",
  "bluekey2": "BMWの鍵、欠損している、使えない",
  "pin": "ゼムクリップ、子供の頃これでロックを開けたことがある",
  "cd": "ディスク、意味不明の数字が書かれている",
  "bluekey": "完成したBMWの鍵",
  "tin": "金属箱、中に何がある"
}
