{
  "tinkey": "A tiny key, looks can only be used to open a small lock.",
  "rescue": "A BMW first-aid kit. It can help me deal with my wound.",
  "tool": "A bunch of pocket-sized gadgets. Too small, but better than nothing.",
  "redlamp": "A small red light. It's not bright enough but at least it works.",
  "bluekey1": "A weird key. I think it's just the missing part of the BMW car key.",
  "bluekey2": "An incomplete BMW car key with some part missing.",
  "pin": "A paperclip. I liked to use it to pry open locks while I was a child.",
  "cd": "A CD with some odd numbers printed.",
  "bluekey": "A complete BMW car key.",
  "tin": "A tin. Shake it and I can hear something inside."
}
