{
  "tinkey": "작은 철편열쇠, 아주 작은 자물쇠만 열 수 있는 것으로 보입니다",
  "rescue": "BMW응급박스, 이것만 있으면 상처를 제때에 처리할 수 있습니다",
  "tool": "몇 개의 미니도구들, 도구가 없기만 낫지 않을가요",
  "redlamp": "긴급 붉은 등, 비록 조명도는 높지 않지만 가까스로 쓸 수는 있습니다",
  "bluekey1": "모양이 이상한 열쇠, 완정한 BMW차열쇠의 일부분",
  "bluekey2": "BMW 차열쇠, 한 구석이 떨어져나가 쓸수 없습니다",
  "pin": "클립, 어릴적에 이걸로 자물쇠를 열며 놀았습니다",
  "cd": "CD한장, 위에 이상한 숫자가 적혀있습니다",
  "bluekey": "완정한 BMW 차열쇠",
  "tin": "철통, 흔들어 보면 안에 적지 않은 물건이 있는 것 같습니다"
}
