{
  "clickScene_1": "호텔 방에서 잠을 자다 배고파서 잠에서 깼습니다",
  "clickScene_2": "일어나 간식을 찾습니다. 라면은 먹기 싫고 내려가서 야시장을 한번 가보는 것이 좋을 것 같습니다",
  "clickScene_3": "문을 열고 나갑니다…어? 문이 열리지 않습니다",
  "clickScene_4": "이상하다. 문이 고장났나? 전화하여 웨이터를 불러봅니다",
  "clickScene_5": "어?! 침대 옆 탁자에 전화가 있었던걸로 기억하는데 전화가 왜 없지?",
  "clickScene_6": "그냥 핸드폰으로 해야지",
  "clickScene_7": "헐, Howard차에서 충전을 얼마 안 해서 또 배터리가 나갔습니다…",
  "clickScene_8": "배고픈건 그렇고 이 방문이 열리지 않는데, 방안에 갇혀있게 되는겁니다. 이제 어떡하면 되지…"
}