{
  "clickScene_1": "After a short sleep I woke up and felt starving.",
  "clickScene_2": "I don't want to eat instant food. I heard there's a night martet not far from the hotel. I would like to go there and have a good meal.",
  "clickScene_3": "Open the door and go out...What? I can't open the door!",
  "clickScene_4": "Strange, is it something wrong with the door lock? I'd better call someone to help me.",
  "clickScene_5": "Ah? !I remember there's a telephone on the bedstand cabinet. Where's it?",
  "clickScene_6": "All right, I'll make the call by my cell phone.",
  "clickScene_7": "Shit! My iPhone only got charged for a very short time and it's out of battery again...",
  "clickScene_8": "Now my big problem is not hunger. Why is it always me to be stucked? Whatever! I must go out!"
}