{
  "clickScene_1": "在酒店的房间里睡觉，不一会儿就饿醒了",
  "clickScene_2": "起来找吃的，不想吃泡面，还是下楼去吃夜市比较爽",
  "clickScene_3": "开门出去...呀？这门怎么打不开了？",
  "clickScene_4": "奇怪，是不是门锁出毛病了？打电话叫服务员来看一下",
  "clickScene_5": "嗯？！我记得这床头柜旁边有个电话来着啊，怎么电话不见了？",
  "clickScene_6": "算了，打手机吧",
  "clickScene_7": "我晕，手机只在小华车里充了一点点电，这会儿又没电了...",
  "clickScene_8": "唉，饿倒没什么，可房门居然打不开了，我被困在房间里了，这可如何是好..."
}