{
  "clickScene_1": "ホテルの部屋で寝ていた…腹が減って醒めた",
  "clickScene_2": "なにか食べ物ないか…カップヌードルは嫌だ、やはり外食に行こう",
  "clickScene_3": "行ってきま…あれ、開けられない？",
  "clickScene_4": "ロックが壊れた？カウンターに聞いてみよう",
  "clickScene_5": "あれ、キャビネットにあった電話がなくなった？",
  "clickScene_6": "しょうがない、携帯でかけろう",
  "clickScene_7": "なに？電池残量ゼロ？",
  "clickScene_8": "腹減ったより、何でいつもドアは開けられない？これじゃまた完全密室に閉じ込められた！もういやだ！"
}