{
  "afterLoad_1": "여러명 나쁜 사람들이 나의 앞을 가로 막고 있습니다. 어떻게 하나요?!",
  "afterLoad_2": "빨리 이 순찰하는 나쁜 사람을 해결해야 합니다. 아니면 더욱 많은 사람을 불러올 것입니다",
  "afterLoad_3": "차가 시동이 걸렸습니다. 빨리 이 악마들의 손에서 탈출하세요!",
  "afterLoad_4": "차에 전기가 통하지 않았습니다. 계기는 꺼져 있습니다",
  "afterLoad_5": "차가 시동이 걸렸습니다",
  "afterLoad_6": "아! 이 BMW가 드디어 시동이 걸렸습니다! ",
  "afterLoad_7": "아? 계기가 깜빡깜빡거립니다!!! 차열쇠가 있는데 차가 고장났나?",
  "engineOnDelay_1": "계기가 켜졌으나 엔진이 걸리지 않습니다. 어찌된 일이지? 재시도 해봅니다!"
}