{
  "afterLoad_1": "一大批坏人在前面拦截我，怎么办？！",
  "afterLoad_2": "得赶紧想办法解决掉这个巡逻的坏人，不然他会引来更多人的！",
  "afterLoad_3": "车已发动，赶紧挂挡走人，逃出坏人魔掌！",
  "afterLoad_4": "车还没通电，仪表是黑的",
  "afterLoad_5": "车已发动",
  "afterLoad_6": "啊！这部宝马终于发动起来了！太棒了！",
  "afterLoad_7": "啊？仪表狂闪！！！我有车钥匙啊，难道车坏了？",
  "engineOnDelay_1": "仪表亮了，引擎却不发动。怎么回事？再去试一次！"
}