{
  "afterLoad_1": "Many bad guys are coming in front of me. I need to do something!",
  "afterLoad_2": "I must kill the bad guy on patrol as quickly as possible. Otherwise he will attract more fire against me!",
  "afterLoad_3": "The car has been started. Shift and go!",
  "afterLoad_4": "The car is power off. The dashboard shows nothing.",
  "afterLoad_5": "The car is started.",
  "afterLoad_6": "Thank God! This BMW has finally been started! I will be alive!",
  "afterLoad_7": "Ah? Why the dashboard is flashing? I have the key of this car. Why doesn't it start? What's wrong with this car?",
  "engineOnDelay_1": "The car is already power on but it just won't start. What's wrong with it?"
}