{
  "afterLoad_1": "テロリストが大勢にいる…どうすればいい？",
  "afterLoad_2": "早く巡回するテロリストを片付けなきゃ、仲間を呼び寄せさせるわけにはいけない！",
  "afterLoad_3": "エンジンはかかっている、車を出すんだ！",
  "afterLoad_4": "電気システムはまだ立ち上がっていない、ダッシュボードがついていない",
  "afterLoad_5": "エンジンはかかっている",
  "afterLoad_6": "よっしゃ！エンジンはかかった！",
  "afterLoad_7": "どうした？ダッシュボードは点滅している、故障か？",
  "engineOnDelay_1": "ダッシュボードはついた、しかしエンジンはかからない、どういうことだ？もう一度やってみよう！"
}