{
  "beforeLoad_1": "Congratulations! Car Escape 5 All Clear!",
  "beforeLoad_2": "Chapter Clear! Congratulations!",
  "beforeLoad_3": "Consuming Time：",
  "beforeLoad_4": "Have fun? Don't forget to give us 5 rating stars!",
  "beforeLoad_5": "The Hotel - Love Hotel",
  "beforeLoad_6": "Follow-Up",
  "beforeLoad_7": "Is Mike dead or alive?",
  "beforeLoad_8": "Why the bad guys take Mike?",
  "beforeLoad_9": "All the truth will be out...",
  "beforeLoad_10": "For more information, please rate us 5 stars and expect our next game: Car Escape 6!"
}
