{
  "beforeLoad_1": "恭喜您已把车内逃脱5全部通关！！！",
  "beforeLoad_2": "恭喜您通关！",
  "beforeLoad_3": "本次通关耗时：",
  "beforeLoad_4": "玩的开心吗？去给我们5星级评价吧！",
  "beforeLoad_5": "本章出场酒店 - Love Hotel",
  "beforeLoad_6": "事情后续",
  "beforeLoad_7": "小明是死是活？",
  "beforeLoad_8": "坏人为什么要抓小明？",
  "beforeLoad_9": "一切都将真相大白...",
  "beforeLoad_10": "(欲知后续如何，敬请期待续作《车内逃脱6》！)"
}