{
  "beforeLoad_1": "축하드립니다. 차량탈출 5를 전부 통관하였습니다!!!",
  "beforeLoad_2": "축하합니다, 통과하였습니다!",
  "beforeLoad_3": "이번 통관 사용시간: ",
  "beforeLoad_4": "재밌었나요? 5개 별 평가를 해주세요!",
  "beforeLoad_5": "이번 장절 출연 호텔 - Love Hotel",
  "beforeLoad_6": "사건 후속",
  "beforeLoad_7": "Mike 죽었는가 살았는가?",
  "beforeLoad_8": "나쁜 사람들이 왜 Mike 를 붙잡았을가?",
  "beforeLoad_9": "모든 것이 밝혀질 것입니다...",
  "beforeLoad_10": "(상세한 내용은 후속작 <차량탈출6> 를 기대해주세요!)"
}