{
  "beforeLoad_1": "車内脱出5クリアおめでとうございます！！！",
  "beforeLoad_2": "クリアおめでとうございます！",
  "beforeLoad_3": "クリア時間：",
  "beforeLoad_4": "面白かった？五つ星の評価はよろしく頼むよ",
  "beforeLoad_5": "本章に登場するホテル - Love Hotel",
  "beforeLoad_6": "事件の後に",
  "beforeLoad_7": "Mikeは生きているか？",
  "beforeLoad_8": "悪者はなぜMikeを虜にする？",
  "beforeLoad_9": "全ての謎は解き明かす...",
  "beforeLoad_10": "新たな旅、そして新たな事件...すべては「車内脱出6」にある！お楽しみ！"
}
