{
  "beforeLoad_1": "어라, 나쁜 사람이 나의 오른손도 채워 놓아 오른손을 움직일 수 없습니다",
  "afterUseItem_1": "클립으로 낡은 수갑을 여는 것은 나에게 식은 죽 먹기입니다. 어릴적 형의 서랍 자물쇠를 항상 열어보았습니다. 열려라!",
  "unLock_1": "수갑을 벗었습니다. 이제야 두 손을 자유롭게 움직일 수 있습니다!",
  "unLock_2": "수갑을 벗었습니다. 오른손은 자유롭게 움직일 수 있습니다",
  "unLock_3": "수갑은 단단하지만 자물쇠는 낡아보입니다. 도구가 있다면 쉽게 열 수 있을 것 같습니다"
}