{
  "afterUseItem_1": "用车钥匙开锁试试",
  "click_1": "唉，这个小华也没告诉我他开的是什么车，这么大的停车场我怎么找啊",
  "click_2": "看车钥匙的样式应该是个别克，还好车不多，找找试试吧",
  "click_3": "咦？这边停着一辆大别克，会不会是这部车呢？",
  "click_4": "走近看看...",
  "click_5": "这部车是不是小华开来的呢？",
  "click_6": "哈，果然是小华的车",
  "click_7": "那就去车里坐着等他吧"
}