{
  "afterUseItem_1": "Try to use the car key and see if it can unlock the car.",
  "click_1": "Alas. Howard didn't tell me which car he drives. How could I find his car in such a big park?",
  "click_2": "The car key looks belong to a Buick. Luckly there are not too many cars. Let me find some Buicks.",
  "click_3": "Huh? Here's a Buick. Could it be Howard's?",
  "click_4": "Take a closer look...",
  "click_5": "Is this Howard's car?",
  "click_6": "Ha, it really is Howard's.",
  "click_7": "Get into it and wait for Howard's back."
}