{
  "afterUseItem_1": "車の鍵でアンロックしてみよう",
  "click_1": "Howardのやつはどんな車だと教えてなかった、こんなに大きな駐車場ではどうやって探すのよ！",
  "click_2": "鍵を見ればビュイックのはずだ、そんなに多くないはずだ。とにかく探してみよう",
  "click_3": "あっ、ビュイックだ！これかな",
  "click_4": "近づいてみよう",
  "click_5": "Howardの車かな？",
  "click_6": "やっぱこれだ！",
  "click_7": "乗り込んで待ってやろうか"
}