{
  "afterUseItem_1": "차열쇠로 열어봅니다",
  "click_1": "휴, Howard는 자기차가 어느것인지도 알려주지 않고. 이렇게 큰 주차장에서 어떻게 찾는단 말인가",
  "click_2": "차열쇠의 모양으로 보아선 Buick 인 것 같은데, 다행히도 차가 많지 않으니 한번 찾아봐야지",
  "click_3": "어? 여기에 큰 Buick 이 한대 있는데 이 차인가?",
  "click_4": "가까이 가봅니다…",
  "click_5": "이 차가Howard가 몰고 온 차인가?",
  "click_6": "아, 역시Howard 차가 맞네",
  "click_7": "그럼 차 안에서 그를 기다리겠습니다"
}