{
  "openGlovebox_1": "글로브 박스를 열었습니다",
  "afterUseItem_1": "이 예비용열쇠로 한번 해보세요...",
  "hole_1": "열쇠를 돌려보세요...",
  "hole_2": "글로브박스가 열리지 않습니다. 잠겨져 있는 것이 분명합니다",
  "getItem_1": "AUX 케이블을 얻었습니다",
  "getItem_2": "글로브박스에 아무것도 없습니다",
  "getItem_3": "글로브 박스에 아무것도 없습니다...",
  "close_1": "글로브 박스를 닫았습니다"
}