{
  "afterLoad_1": "어? 바구니에 박스가 있습니다!",
  "unlock_1": "바구니를 열었습니다",
  "unlock_2": "바구니를 닫았습니다",
  "getBox_1": "이런, 바구니가 잠겨져 꺼낼 수 없습니다!",
  "getBox_2": "바구니를 열었습니다",
  "getBox_3": "이상한 박스를 얻었습니다",
  "getBox_4": "바구니에 아무것도 없습니다",
  "lockDismiss_1": "잘 됐다! 자물쇠가 열렸습니다!",
  "lockDismiss_2": "아, 비밀번호가 틀려서 열리지 않습니다..."
}