{
  "afterLoad_1": "Air conditioning control panel.",
  "afterLoad_2": "These buttons are used to control the air conditioning.",
  "power_1": "The air conditioning is in the right combination. I'd better not to change it any more...",
  "power_2": "Try to turn the air conditioning on...Oh, it doesn't work because the car hasn't been started yet.",
  "power_3": "Air conditioning is turned on.",
  "power_4": "Air conditioning is shut down.",
  "airAuto_1": "The air conditioning is in the right combination. I'd better not to change it any more...",
  "airAuto_2": "No response...",
  "airAuto_3": "The volume of the air is switched to auto mode.",
  "airAuto_4": "The volume of the air is switched to manual mode.",
  "lock_1": "No response...",
  "unlock_1": "No response...",
  "unlock_2": "Weird! This is the unlock button, but the door still won't open. I wanna out! Alas...",
  "tempHigh_1": "The air conditioning is in the right combination. I'd better not to change it any more...",
  "tempHigh_2": "No response...",
  "tempHigh_3": "Temperature is at the highest.",
  "tempHigh_4": "Temperature increases 0.5 centidegree.",
  "tempLow_1": "The air conditioning is in the right combination. I'd better not to change it any more...",
  "tempLow_2": "No response...",
  "tempLow_3": "Temperature is at the lowest.",
  "tempLow_4": "Temperature decreases 0.5 centidegree.",
  "rear_1": "The air conditioning is in the right combination. I'd better not to change it any more...",
  "rear_2": "No response...",
  "rear_3": "Rear air conditioning is on.",
  "rear_4": "Rear air conditioning is off.",
  "loop_1": "The air conditioning is in the right combination. I'd better not to change it any more...",
  "loop_2": "No response...",
  "loop_3": "Air conditioning is in inside loop mode now.",
  "loop_4": "Air conditioning is in outside loop mode now.",
  "airAc_1": "The air conditioning is in the right combination. I'd better not to change it any more...",
  "airAc_2": "No response...",
  "airAc_3": "AC is on.",
  "airAc_4": "AC is off.",
  "volumeUp_1": "The air conditioning is in the right combination. I'd better not to change it any more...",
  "volumeUp_2": "No response...",
  "volumeDown_1": "The air conditioning is in the right combination. I'd better not to change it any more...",
  "volumeDown_2": "No response...",
  "glassHeatFront_1": "The air conditioning is in the right combination. I'd better not to change it any more...",
  "glassHeatFront_2": "No response...",
  "glassHeatFront_3": "The air mode is switched to front window.",
  "glassHeatFront_4": "The air mode is not front window any more.",
  "glassHeatRear_1": "The air conditioning is in the right combination. I'd better not to change it any more...",
  "glassHeatRear_2": "No response...",
  "glassHeatRear_3": "Rear window heat is on.",
  "glassHeatRear_4": "Rear window heat is off.",
  "redTriangle_1": "No response...",
  "modeUp_1": "The air conditioning is in the right combination. I'd better not to change it any more...",
  "modeUp_2": "No response...",
  "modeDown_1": "The air conditioning is in the right combination. I'd better not to change it any more...",
  "modeDown_2": "No response...",
  "imageScreenMode_1": "Adjust the air mode to be front window.",
  "imageScreenMode_2": "Adjust the air mode to be face.",
  "imageScreenMode_3": "Adjust the air mode to be head.",
  "imageScreenMode_4": "Adjust the air mode to be legs.",
  "imageScreenVolume_1": "Air volume is zero.",
  "imageScreenVolume_2": "Air volume is 1.",
  "imageScreenVolume_3": "Air volume is 2.",
  "imageScreenVolume_4": "Air volume is 3.",
  "imageScreenVolume_5": "Air volume is 4.",
  "imageScreenVolume_6": "Air volume is 5.",
  "imageScreenVolume_7": "Air volume is 6.",
  "imageScreenVolume_8": "Air volume is 7.",
  "imageScreenVolume_9": "Air volume is maximum 8.",
  "checkPassword_1": "Huh? What's that sound? Is the air conditioning already in the special combination?"
}