{
  "afterLoad_1": "에어컨 조작구역",
  "afterLoad_2": "여기 여러개 버튼들이 에어컨을 제어하는 것인 것 같습니다",
  "power_1": "에어컨은 제대로 조절된 것 같으니, 아무거나 누르지 않는 것이 좋을 것 같습니다",
  "power_2": "에어컨을 열어봅니다. 어라? 왜 반응이 없지? 자동차가 시동이 걸리지 않은 원인인것 같습니다",
  "power_3": "에어컨을 열었습니다",
  "power_4": "에어컨을 닫았습니다",
  "airAuto_1": "에어컨은 제대로 조절된 것 같으니, 아무거나 누르지 않는 것이 좋을 것 같습니다",
  "airAuto_2": "반응이 없습니다…",
  "airAuto_3": "풍량을 자동제어로 변경",
  "airAuto_4": "풍량을 수동제어로 변경",
  "lock_1": "반응이 없습니다…",
  "unlock_1": "반응이 없습니다…",
  "unlock_2": "이상하네, 문이 왜 반응이 없지? 나갈거라고, 아…",
  "tempHigh_1": "에어컨은 제대로 조절된 것 같으니, 아무거나 누르지 않는 것이 좋을 것 같습니다",
  "tempHigh_2": "반응이 없습니다…",
  "tempHigh_3": "온도는 이미 최고치입니다",
  "tempHigh_4": "온도를 0.5도 높였습니다",
  "tempLow_1": "에어컨은 제대로 조절된 것 같으니, 아무거나 누르지 않는 것이 좋을 것 같습니다",
  "tempLow_2": "반응이 없습니다…",
  "tempLow_3": "온도는 이미 최저치입니다",
  "tempLow_4": "온도를 0.5도 낮추었습니다",
  "rear_1": "에어컨은 제대로 조절된 것 같으니, 아무거나 누르지 않는 것이 좋을 것 같습니다",
  "rear_2": "반응이 없습니다…",
  "rear_3": "백구역 에어컨도 열었습니다",
  "rear_4": "백구역 에어컨을 닫았습니다. 뒤에는 바람이 통하지 않습니다",
  "loop_1": "에어컨은 제대로 조절된 것 같으니, 아무거나 누르지 않는 것이 좋을 것 같습니다",
  "loop_2": "반응이 없습니다…",
  "loop_3": "에어컨 순환방식을 내순환으로 변경하였습니다",
  "loop_4": "에어컨 순환방식을 외순환으로 변경하였습니다",
  "airAc_1": "에어컨은 제대로 조절된 것 같으니, 아무거나 누르지 않는 것이 좋을 것 같습니다",
  "airAc_2": "반응이 없습니다…",
  "airAc_3": "에어컨 압축기를 열었습니다",
  "airAc_4": "에어컨 압축기를 닫았습니다",
  "volumeUp_1": "에어컨은 제대로 조절된 것 같으니, 아무거나 누르지 않는 것이 좋을 것 같습니다",
  "volumeUp_2": "반응이 없습니다…",
  "volumeDown_1": "에어컨은 제대로 조절된 것 같으니, 아무거나 누르지 않는 것이 좋을 것 같습니다",
  "volumeDown_2": "반응이 없습니다…",
  "glassHeatFront_1": "에어컨은 제대로 조절된 것 같으니, 아무거나 누르지 않는 것이 좋을 것 같습니다",
  "glassHeatFront_2": "반응이 없습니다…",
  "glassHeatFront_3": "에어컨 바람이 앞의 바람막이용 유리를 향하고 있습니다",
  "glassHeatFront_4": "에어컨 바람이 앞의 바람막이용 유리로 향하지 않습니다",
  "glassHeatRear_1": "에어컨은 제대로 조절된 것 같으니, 아무거나 누르지 않는 것이 좋을 것 같습니다",
  "glassHeatRear_2": "반응이 없습니다…",
  "glassHeatRear_3": "뒷 창문 가열을 열었습니다",
  "glassHeatRear_4": "뒷 창문 가열을 닫았습니다",
  "redTriangle_1": "반응이 없습니다…",
  "modeUp_1": "에어컨은 제대로 조절된 것 같으니, 아무거나 누르지 않는 것이 좋을 것 같습니다",
  "modeUp_2": "반응이 없습니다…",
  "modeDown_1": "에어컨은 제대로 조절된 것 같으니, 아무거나 누르지 않는 것이 좋을 것 같습니다",
  "modeDown_2": "반응이 없습니다…",
  "imageScreenMode_1": "바람 방향을 바람막이용 유리로 향하게 조절",
  "imageScreenMode_2": "바람 방향을 얼굴로 향하게 조절",
  "imageScreenMode_3": "바람 방향을 머리로 향하게 조절",
  "imageScreenMode_4": "바람 방향을 다리로 향하게 조절",
  "imageScreenVolume_1": "풍량을 닫았습니다",
  "imageScreenVolume_2": "풍량을 1급으로 조절",
  "imageScreenVolume_3": "풍량을 2급으로 조절",
  "imageScreenVolume_4": "풍량을 3급으로 조절",
  "imageScreenVolume_5": "풍량을 4급으로 조절",
  "imageScreenVolume_6": "풍량을 5급으로 조절",
  "imageScreenVolume_7": "풍량을 6급으로 조절",
  "imageScreenVolume_8": "풍량을 7급으로 조절",
  "imageScreenVolume_9": "풍량을 8급으로 조절",
  "checkPassword_1": "어? 무슨소리지? 에어컨이 제대로 조절되었는가?!"
}