{
  "afterLoad_1": "空调操作区",
  "afterLoad_2": "这一大堆按钮看起来好像是控制空调的",
  "power_1": "空调似乎已经调好了，还是别再乱动比较好...",
  "power_2": "打开空调试试...嗯？怎么没反应？应该是车还没发动起来的缘故吧",
  "power_3": "空调打开了",
  "power_4": "空调关闭了",
  "airAuto_1": "空调似乎已经调好了，还是别再乱动比较好...",
  "airAuto_2": "没反应...",
  "airAuto_3": "风量转为自动控制",
  "airAuto_4": "风量转为手动控制",
  "lock_1": "没反应...",
  "unlock_1": "没反应...",
  "unlock_2": "奇怪，这明明是开锁，怎么没反应呢？我要出去啊，啊...",
  "tempHigh_1": "空调似乎已经调好了，还是别再乱动比较好...",
  "tempHigh_2": "没反应...",
  "tempHigh_3": "温度已经是最高了",
  "tempHigh_4": "把温度调高了0.5度",
  "tempLow_1": "空调似乎已经调好了，还是别再乱动比较好...",
  "tempLow_2": "没反应...",
  "tempLow_3": "温度已经是最低了",
  "tempLow_4": "把温度调低了0.5度",
  "rear_1": "空调似乎已经调好了，还是别再乱动比较好...",
  "rear_2": "没反应...",
  "rear_3": "后区空调也开启了",
  "rear_4": "后区空调关闭了，后面不出风了",
  "loop_1": "空调似乎已经调好了，还是别再乱动比较好...",
  "loop_2": "没反应...",
  "loop_3": "空调循环方式改为内循环",
  "loop_4": "空调循环方式改为外循环",
  "airAc_1": "空调似乎已经调好了，还是别再乱动比较好...",
  "airAc_2": "没反应...",
  "airAc_3": "空调压缩机开启了",
  "airAc_4": "空调压缩机关闭了",
  "volumeUp_1": "空调似乎已经调好了，还是别再乱动比较好...",
  "volumeUp_2": "没反应...",
  "volumeDown_1": "空调似乎已经调好了，还是别再乱动比较好...",
  "volumeDown_2": "没反应...",
  "glassHeatFront_1": "空调似乎已经调好了，还是别再乱动比较好...",
  "glassHeatFront_2": "没反应...",
  "glassHeatFront_3": "空调风吹向前挡风玻璃了",
  "glassHeatFront_4": "空调风不再吹向前挡风玻璃",
  "glassHeatRear_1": "空调似乎已经调好了，还是别再乱动比较好...",
  "glassHeatRear_2": "没反应...",
  "glassHeatRear_3": "后窗加热开启",
  "glassHeatRear_4": "后窗加热关闭",
  "redTriangle_1": "没反应...",
  "modeUp_1": "空调似乎已经调好了，还是别再乱动比较好...",
  "modeUp_2": "没反应...",
  "modeDown_1": "空调似乎已经调好了，还是别再乱动比较好...",
  "modeDown_2": "没反应...",
  "imageScreenMode_1": "调整出风模式为吹前挡风玻璃",
  "imageScreenMode_2": "调整出风模式为吹面部",
  "imageScreenMode_3": "调整出风模式为吹头顶",
  "imageScreenMode_4": "调整出风模式为吹腿部",
  "imageScreenVolume_1": "风量关闭",
  "imageScreenVolume_2": "调整风量大小为1级",
  "imageScreenVolume_3": "调整风量大小为2级",
  "imageScreenVolume_4": "调整风量大小为3级",
  "imageScreenVolume_5": "调整风量大小为4级",
  "imageScreenVolume_6": "调整风量大小为5级",
  "imageScreenVolume_7": "调整风量大小为6级",
  "imageScreenVolume_8": "调整风量大小为7级",
  "imageScreenVolume_9": "调整风量大小为最大8级",
  "checkPassword_1": "嗯？什么声音？难道是空调已经调整好了？！"
}