{
  "afterLoad_1": "エアコン",
  "afterLoad_2": "エアコンを操作するためのボタンだ",
  "power_1": "もう操作する必要がないようだ…",
  "power_2": "エアコンをつけよう…反応がない？そうだ、エンジンはまだかかっていないからだな",
  "power_3": "エアコンをつけた",
  "power_4": "エアコンを消した",
  "airAuto_1": "もう操作する必要がないようだ…",
  "airAuto_2": "反応なし…",
  "airAuto_3": "アウトに切り替えった",
  "airAuto_4": "マニュアルに切り替えった",
  "lock_1": "反応なし…",
  "unlock_1": "反応なし…",
  "unlock_2": "アンロックじゃないか？なんで反応がない…出してくれよ！！",
  "tempHigh_1": "もう操作する必要がないようだ…",
  "tempHigh_2": "反応なし…",
  "tempHigh_3": "温度設定はマックスだ",
  "tempHigh_4": "温度を0.5度を上げた",
  "tempLow_1": "もう操作する必要がないようだ…",
  "tempLow_2": "反応なし…",
  "tempLow_3": "温度設定はミクスだ",
  "tempLow_4": "温度を0.5度を下げた",
  "rear_1": "もう操作する必要がないようだ…",
  "rear_2": "反応なし…",
  "rear_3": "後席エアコンもつけた",
  "rear_4": "後席エアコンを消した、風は出なくなった",
  "loop_1": "もう操作する必要がないようだ…",
  "loop_2": "反応なし…",
  "loop_3": "内部循環に設定した",
  "loop_4": "外部循環に設定した",
  "airAc_1": "もう操作する必要がないようだ…",
  "airAc_2": "反応なし…",
  "airAc_3": "エアコンのコンプレッサーは作動している",
  "airAc_4": "エアコンのコンプレッサーは止まった",
  "volumeUp_1": "もう操作する必要がないようだ…",
  "volumeUp_2": "反応なし…",
  "volumeDown_1": "もう操作する必要がないようだ…",
  "volumeDown_2": "反応なし…",
  "glassHeatFront_1": "もう操作する必要がないようだ…",
  "glassHeatFront_2": "反応なし…",
  "glassHeatFront_3": "風はフロントガラスに吹いている",
  "glassHeatFront_4": "風はフロントガラスに吹かなくなった",
  "glassHeatRear_1": "もう操作する必要がないようだ…",
  "glassHeatRear_2": "反応なし…",
  "glassHeatRear_3": "リヤウィンドヒッターをつける",
  "glassHeatRear_4": "リヤウィンドヒッター消した",
  "redTriangle_1": "反応なし…",
  "modeUp_1": "もう操作する必要がないようだ…",
  "modeUp_2": "反応なし…",
  "modeDown_1": "もう操作する必要がないようだ…",
  "modeDown_2": "反応なし…",
  "imageScreenMode_1": "風向をフロントガラス向けに設定した",
  "imageScreenMode_2": "風向を顔向けに設定した",
  "imageScreenMode_3": "風向を頭向けに設定した",
  "imageScreenMode_4": "風向を足向けに設定した",
  "imageScreenVolume_1": "風を止めた",
  "imageScreenVolume_2": "風量を1に設定した",
  "imageScreenVolume_3": "風量を2に設定した",
  "imageScreenVolume_4": "風量を3に設定した",
  "imageScreenVolume_5": "風量を4に設定した",
  "imageScreenVolume_6": "風量を5に設定した",
  "imageScreenVolume_7": " : 風量を6に設定した",
  "imageScreenVolume_8": "風量を7に設定した",
  "imageScreenVolume_9": "風量を8に設定した",
  "checkPassword_1": "何の音だ？エアコンはもう設定ずみか？"
}