{
  "clickTea_1": "찻잎, 쓸모 없습니다",
  "clickAsh_1": "재떨이, 쓸모 없습니다",
  "clickCup_1": "컵을 치워봅니다. 컵아래에 아무것도 없습니다",
  "clickCup_2": " 이 컵도 치워봅니다. 역시 아무것도 없습니다 ",
  "clickCup_3": "어? 이 컵 아래에 무언가가 있습니다",
  "clickCup_4": "아무것도 없습니다",
  "clickCup_5": "손전등 소켓이 왜 여기 있지?",
  "clickCup_6": "컵을 원 위치에 놓습니다",
  "clickCup_7": "이 컵도 원 위치에 놓습니다"
}