{
  "progress_1": "Check the room behind the microscope. There's a mysterious small stuff on the shelves.",
  "progress_2": "Go into the toilet. Find something useful.",
  "progress_3": "Check the microscope, use the glass slide to see what's in it. If you can't see a thing, use the flashlight to make it brighter.",
  "progress_4": "Check the back of the robot and you'll find a lock. The password of the lock is the combination you saw in the microscope. Touch your device screen and don't loose your hand, rotate the lock smoothly, once you hit a number, rotate to the other direction. Be patient to try several times and let all three numbers match the password. You will make it.",
  "progress_5": "Use the key from the robot to open the door nearby the robot.",
  "progress_6": "Get an important stuff behind the door once you entered the room nearby the robot.",
  "progress_7": "Check the toolbox nearby the microscope. Find something useful there.",
  "progress_8": "Using the transparent box, and use the big wrench to open it.",
  "progress_9": "Stand by the driver's door of the red car, use the red BMW car key to open the door.",
  "progress_10": "Get into the red BMW and pull out the co-driver's seat. You will see something hidden there.",
  "progress_11": "Open the trunk of the red car and take out the cover, and then use the fuse, the fuse will be put back to its right place.",
  "progress_12": "Get into the red car and hit the start button more than once. You'll know what's wrong about the car.",
  "progress_13": "Get into the red BMW and open the right sun visor. Something important is there.",
  "progress_14": "Find the door with lots of BMW texts and use the key with BMW logo to open it.",
  "progress_15": "Enter the room with the BMW texts, something good is there.",
  "progress_16": "Go upstairs and open the ware room. You know which key you should use.",
  "progress_17": "Get the BMW engine oil from the ware room upstairs.",
  "progress_18": "Open the driver's door of the red BMW. Don't get in. Check the left area of the pedal until you find the hood switch. Pull it twice. The hood will unlock.",
  "progress_19": "Go to the front the car red BMW and pop the hood. Use the BMW engine oil.",
  "progress_20": "Get into the red BMW and push the start button. Let it start!",
  "progress_21": "Go into the room nearby the robot and take the gun on the wall.",
  "progress_22": "Go into the room nearby the robot and check the show window. There's an important stuff there.",
  "progress_23": "Sit on the couch, keep touching it until you find surprise.",
  "progress_24": "Open the glove box, something big is hiding there.",
  "progress_25": "Go to the front of the gate, and use the big key to open it. Escape now!",
  "progress_26": "Shift the car.",
  "progress_27": "Use the gun in front of the steering wheel. Then use the bullet to kill the bad guy.",
  "progress_28": "Too many bad guys. So we use the grenade. Fire in the hole!"
}
