{
  "progress_1": "トイレ左側の部屋の棚にアイテムがある",
  "progress_2": "トイレのタンクにアイテムがある",
  "progress_3": "顕微鏡にスライドガラス使って中身を見よう。見えない場合は懐中電灯を使う",
  "progress_4": "ロボットの後ろに移動して、スライドガラスから調べたパスワードでロックを開ける",
  "progress_5": "事務所のドアに鍵を使って開ける",
  "progress_6": "事務所ドアの後ろにある棚を見よう、アイテムがある",
  "progress_7": "マルチアイテムボックスを見つけて、中のアイテムを見つける",
  "progress_8": "中にBMW鍵がある箱、使ってスパナ、箱を開ける",
  "progress_9": "赤い車の運転席側ドアで車の鍵を使って、ドアを開ける",
  "progress_10": "赤い車に乗り込んで、助手席のシートを倒して、アイテムを見つける",
  "progress_11": "赤い車のトランクにあるアイテムボックスを開けて、ヒューズの位置を確認してヒューズを戻す",
  "progress_12": "赤い車の運転席でスイッチを数回押せば、電気システムが立ち上がる。エンジンオイル不足警告も出る",
  "progress_13": "赤い車に乗り込んで、右側のサンバイザーを開けてアイテムを見つける",
  "progress_14": "左へ進めば、BMWマークだらけのルームがある。ドアがロックされた場合、鍵で開ける",
  "progress_15": "BMWマークだらけのルームにアイテムがある",
  "progress_16": "２階に上がって、倉庫のドアを開く",
  "progress_17": "２階に上がって、倉庫のドアを開いて、エンジンオイルを見つける",
  "progress_18": "赤い車のドアを開いて、ブレーキペダルの近くをチェックすれば、エンジンフードオープナーが発見できる。2回引いて、エンジンフードを開く",
  "progress_19": "赤い車のエンジンフードを開けて、エンジンオイルを注ぐ",
  "progress_20": "赤い車に乗り込んで、エンジンをかけよう",
  "progress_21": "事務所のショーウィンドーを見て、アイテムを見つける",
  "progress_22": "事務所のショーウィンドーを見て、アイテムを見つける",
  "progress_23": "一階のソファーをチェックして、凄いものを手に入れる",
  "progress_24": "赤い車のグローブボックスを開けて、宝物をゲット",
  "progress_25": "倉庫のドアの前に、大きな鍵でゲートを開けて脱出する",
  "progress_26": "トランスミッションレバーをクリックしてシフトする",
  "progress_27": "運転席で骨董品猟銃、銃弾の順に使って、テロリストを撃退する",
  "progress_28": "テロリストの群れ、運転席でグレネードを使って、全滅させる"
}
