{
  "progress_1": "화장실 왼쪽 방의 진열대에서 비밀스러운 물건을 하나 얻습니다",
  "progress_2": "화장실에 들어가면 물탱크에 무언가가 있습니다",
  "progress_3": "현미경 쪽에 와서 검경판을 사용하여 안에 무엇이 있나 확인하고 보이지 않으면 손전등으로 빛을 증가시킵니다",
  "progress_4": "로보트 뒤에 가서 회전 자물쇠를 엽니다. 회전 자물쇠 비밀번호는 검경판에 보인 것입니다. 스크린을 터치하여 회전할 때 한 방향으로 유지한 후 다시 반대반향으로 회전하며 안정하게 터치하면 비밀번호를 맞추는 데 도움이 됩니다",
  "progress_5": "사무실 앞에 가서 열쇠로 문을 엽니다",
  "progress_6": "사무실에 들어가 사무실 문 뒤에 걸이를 관찰해보면 매우 중요한 물건이 있을 것입니다",
  "progress_7": "여러층으로 된 도구박스를 찾고 그 안에 무엇이 없는지 한번 찾아보세요",
  "progress_8": "투명박스를 사용한 후 사용 스패너 사용하면 박스가 열립니다",
  "progress_9": "레드카의 운전석 차문 옆에 가서 차열쇠를 사용하면 차문이 열립니다",
  "progress_10": "레드카에 들어가 조수석 의자의 방석을 펼치면 안에 물건이 있습니다",
  "progress_11": "레드카의 트렁크를 열고 트렁크 덮개 판자를 펼치면 퓨즈서게 됩니다.  원위치에 꼽으면 됩니다",
  "progress_12": "레드카의 운전석에 들어가 시작 버튼을 반복하여 누르면 차가 시동이 걸리고 그 다음 기계유가 부족하다는 것을 알게 됩니다",
  "progress_13": "레드카에 들어가 오른쪽 선 바이즈를 내리면 안에 무언가가 숨겨져 있습니다",
  "progress_14": "계속 왼쪽으로 가서 BMW 표시가 가득한 방에 들어갑니다. 만약 문이 잠겨져 있으면 열쇠로 문을 열 수 있습니다",
  "progress_15": "BMW 표시가 가득한 방에 들어가면 안에 무언가가 있습니다",
  "progress_16": "2층에 올라가 창고문을 엽니다",
  "progress_17": "2층에 올라가 창고문을 열고 BMW 기계유를 얻을 수 있습니다",
  "progress_18": "레드카 차문을 연 후 들어가지는 말고 차문과 차 몸체의 연결틈, 브레이크 페달 부근을 클릭하면 엔진커버 스위치를 찾을 수 있습니다. 연속 두번 엔진커버 스위치를 당겨 엔진커버가 열렸는지를 확인합니다",
  "progress_19": "레드카 엔진커버를 열고 기계유를 추가합니다",
  "progress_20": "레드카에 들어가 시동을 걸어봅니다",
  "progress_21": "사무실을 들어가 사무실 붉은 색 벽에 걸린 총을 얻습니다",
  "progress_22": "사무실에 들어가 사무실의 진열창을 자세히 관찰하면 안에 관건적인 물건이 있습니다",
  "progress_23": "1층 소파에 와서 소파 중간 틈을 만져보면 매우 좋은 물건을 얻을 수 있습니다",
  "progress_24": "레드카의 글러브 박스를 열면 글러브 박스에 숨겨진 물건을 얻을 수 있습니다",
  "progress_25": "창고 대문앞에 와서 큰 열쇠를 사용하면 문이 열립니다. 문이 열리고 도망을 선택하면 됩니다",
  "progress_26": "기어대를 클릭하여 단을 바꿉니다",
  "progress_27": "운전석에서 총을 사용하고 탄알을 사용하면 나쁜 사람을 쓰러뜨릴 수 있습니다",
  "progress_28": "나쁜 사람이 너무 많습니다. 운전석에서 수류탄을 사용하여 그들을 모두 섬멸하세요"
}
