{
  "progress_1": "去厕所左边的房间货架上找一样神秘的小东西",
  "progress_2": "进入洗手间里面，水箱上有好东西",
  "progress_3": "到显微镜这里，使用载玻片，看看里面是什么，如果看不清就使用手电补光",
  "progress_4": "去机器人身后，开旋转锁，旋转锁密码就是载玻片里看到的东西，注意手指触摸屏幕旋转时要先保持一个方向转后再反向转，顺畅并稳定的触摸有助于顺利对上密码",
  "progress_5": "去办公室门前，使用钥匙开门",
  "progress_6": "进入办公室，观察办公室门后的架子，那上面有个重要的物品",
  "progress_7": "找到多层工具箱，在多层工具箱里翻翻看有没有什么有用的东西",
  "progress_8": "使用透明盒子，再使用大扳手，盒子就打开了",
  "progress_9": "去红车的驾驶位车门旁边，使用车钥匙，车门就打开了",
  "progress_10": "进入红车，伸展开副驾驶座椅的坐垫，里面夹着东西",
  "progress_11": "打开红车后备厢，揭开后备厢盖板，把保险丝插回原位",
  "progress_12": "进入红车驾驶位，反复按启动按钮，车就通电了，并得知机油不足",
  "progress_13": "进入红车，抠开右侧的遮阳板，里面藏着有东西",
  "progress_14": "一路向左进入有一大堆BMW标志的房间，如果门是锁着的，可以使用钥匙开锁",
  "progress_15": "进入带有一大堆BMW标志的房间，里面有好东西",
  "progress_16": "上二楼，打开仓库门",
  "progress_17": "上二楼，打开仓库门，找到BMW机油",
  "progress_18": "打开红车车门，但不要进去，点击车门和车身接缝、靠近刹车踏板附近就能找到引擎盖开关了，连拉两次引擎盖开关，直到确认引擎盖已打开",
  "progress_19": "打开红车引擎盖，加注机油吧",
  "progress_20": "进入红车，把它发动起来吧",
  "progress_21": "进入办公室，得到办公室里的红色墙板上挂着的枪",
  "progress_22": "进入办公室，仔细观察办公室的橱窗，里面有关键物品",
  "progress_23": "来到一楼沙发，在沙发中缝摸一摸，可以得到很牛逼的东西",
  "progress_24": "打开红车的手套箱，得到手套箱里藏着的大宝贝",
  "progress_25": "来到仓库大门前，使用那把巨大的钥匙，大门开了之后选择逃跑",
  "progress_26": "点击排挡杆换挡",
  "progress_27": "在驾驶位使用枪，再使用子弹，即可击退坏人",
  "progress_28": "坏人太多，在驾驶位使用手雷，一举歼灭他们！"
}
