{
  "progress_1": "車前にあるドアをよく観察して、あるものを取り外す",
  "progress_2": "燃料タンクのキャップの前で吸盤を使い、燃料タンクのキャップを引いて、開けられる",
  "progress_3": "燃料タンクのキャップの下にある貴重品を入手する",
  "progress_4": "運転席のドアのノブをよくチェックして、鍵を使える場所を探す",
  "progress_5": "鍵の使い。鍵の側面をチェックできる。側面にあるスイッチを見つけて、押す。すると中の予備鍵を出せる",
  "progress_6": "運転席のドアの前に来て、ドアのノブをよくチェックして。予備鍵を使えばドアが開けられる",
  "progress_7": "運転席のドアにある解錠ボタンを押して、他のドアを解錠する",
  "progress_8": "後ろドアを開け、車内に入って、バクシートの中央肘掛けをチェックして、Pingと会話できる",
  "progress_9": "運転席のドアを開け、車内に入って、グローブボックスをチェックする。予備状態の鍵を使えば、グローブボックスが開けられる",
  "progress_10": "右後ろのドアにある灰皿をチェックして、貴重品を入手する",
  "progress_11": "鍵を使う。ねじ回しを使う、分解する。中に電池が足りないことに気づく。ボタン電池を使う。ボタン電池を入れれば、鍵は正常に使える",
  "progress_12": "鍵穴をチェックして、鍵を使う。",
  "progress_13": "グローブボックスを開け、中の貴重品を入手する",
  "progress_14": "後ろの肘掛けをみて、下へ指でスライドして、肘掛けを下す。Pingと会話すると、Pingは手を出してあなたに物を求める。小さなライトをPingも渡せば、Pingがトランクであなたのためにものを探す。",
  "progress_15": "温度計を使う。上下の針が指している数字をよく見て、メートルを操作して、時間を調整する。時間を上の針が指している数字にして、分をしたの針が指している数字にして、すると、奇妙なことが発生できる",
  "progress_16": "フロントカップホルダーを開きます、その中にアイテムを入手してください"
}
