{
  "progress_1": "Look carefully at the door in front of the car. Take something off it.",
  "progress_2": "Use the vacuum hook in front of the tank. The hook will suck on the tank lid. The cover will open.",
  "progress_3": "Get the important item inside the tank.",
  "progress_4": "Look carefully at the driver's door handle. Find some place that could let you use the car key.",
  "progress_5": "Use the car key. Press the button on the other side of the car key. The false key can be taken out.",
  "progress_6": "Look carefully at the driver's door handle. Use the false key of the car key. The door will open.",
  "progress_7": "Press the unlock button on the driver's door. Then all the other doors will unlock.",
  "progress_8": "Open the back door. Check the rear armrest. Then you can talk to Ping.",
  "progress_9": "Go to the driver's seat and check the glovebox. Use the false key of the car key and the glovebox will open.",
  "progress_10": "Open the rear right door. Check the ash box on the box. Get the item in it.",
  "progress_11": "Use the car key. Use the screwdriver and you'll see the car key needs a battery. Use the button cell and put it in. The car key will work.",
  "progress_12": "Check the ignition and use the car key.",
  "progress_13": "Open the glovebox. Get the item in it.",
  "progress_14": "Swipe finger down on the rear armrest twice and talk to Ping. Ping will give you her hand and ask for a light. Use the lamp and give it to Ping. She will return you something important.",
  "progress_15": "Use the thermometer and read the two numbers. They represent hour and minute. Go to the dashboard and adjust the time. Something magical will happen.",
  "progress_16": "Open the front cup holders. Get the item in it."
}
