{
  "progress_1": "자동차 앞에 문을 자세히 관찰하고 무언가를 얻으세요",
  "progress_2": "오일탱크 덮개에 흡반을 사용하여 흡반을 오일탱크 덮개에 붙이고, 오일탱크 덮개를 힘껏 당기면 오일탱크가 열립니다",
  "progress_3": "오일탱크 아래의 중요한 물건을 얻었습니다",
  "progress_4": "운전석 차문에 손잡이를 자세히 관찰하면 차열쇠를 사용하여 차문을 열 곳을 찾을 수 있습니다",
  "progress_5": "차열쇠를 사용하여, 차 열쇠의 측면을 볼 수 있고, 차 열쇠의 측면에 한 개 버튼이 있는데 누르면 차열쇠의 예비용 열쇠를 꺼낼 수 있습니다",
  "progress_6": "운전석 옆에 와서, 차 손잡이를 자세히 관찰하고, 차열쇠의 예비용 열쇠 상태를 사용하면 차문이 열립니다",
  "progress_7": "운전석 차문에 있는 해제 버튼을 누르면 차문이 열립니다",
  "progress_8": "차 뒷문을 열고, 차에 들어가서 뒷좌석 의자의 중앙 팔걸이를 보고 팔걸이를 내리면 Ping과 교류할 수 있습니다",
  "progress_9": "운전석 차문을 열고 차에 들어가, 글로브 박스를 보고 차열쇠의 예비용 열쇠 상태를 사용하면 글로브박스가 열립니다",
  "progress_10": "오른쪽 뒷문의 재떨이를 보면 안에 중요한 물건을 얻을 수 있습니다",
  "progress_11": "차열쇠를 사용하여 드라이버를 사용하여 차열쇠의 백색 금속 모자를 틀어 분리하면 안에 전지가 부족한 것을 발견할 수 있는데, 버튼 전지를 사용하여 넣으면 차열쇠는 정상적으로 사용할 수 있습니다",
  "progress_12": "열쇠구멍을 보고, 차열쇠를 사용하여",
  "progress_13": "글로브 박스를 열면, 안에 중요한 물건을 얻을 수 있습니다",
  "progress_14": "뒷좌석 팔걸이를 마주하고, 아래로 손가락을 밀어 팔걸이를 내린 후, Ping과 대화를 합니다. Ping은 손을 내밀고 물건을 달라고 하고, 작은 등을 사용하여 등을 Ping에게 넘겨줍니다. 그러면 Ping은 트렁크에서 무언가를 찾아 줄 것입니다",
  "progress_15": "온도계를 사용하여, 위 아래 지침의 수치를 자세히 보고, 대시보드를 작동하여 시간을 조절하는데, 시간을 온도계 위에 수치로 조절하고, 분을 온도계 아래에 수치로 조절하면 신기한 일이 발생할 것입니다",
  "progress_16": "전면 컵 홀더를 엽니 다, 그것에서 항목을 가져옵니다"
}
