{
  "progress_1": "仔细观察车头前面的门，取下某样东西",
  "progress_2": "在油箱盖前使用吸盘，将吸盘粘在油箱盖上，将油箱盖使劲拉开，油箱盖就开了",
  "progress_3": "得到油箱盖下面的重要物品",
  "progress_4": "仔细查看驾驶位车门的把手，找到可以使用车钥匙开门的地方",
  "progress_5": "使用车钥匙，查看车钥匙的侧面，会发现车钥匙的侧面有一个开关，按下开关，就能抽出车钥匙里的备用钥匙了",
  "progress_6": "来到驾驶位车门前，仔细查看车门把手，使用车钥匙的备用钥匙状态，车门就能打开了",
  "progress_7": "按下驾驶位车门上的车门解锁按钮，将其他车门解锁",
  "progress_8": "打开后车门，进入车内，查看后排座椅的中央扶手，拉下扶手，你就能跟小平交流了",
  "progress_9": "打开驾驶位车门，进入车内，查看手套箱，使用车钥匙的备用钥匙状态解锁，手套箱就能打开了",
  "progress_10": "查看右后车门上的烟灰缸，得到里面的重要物品",
  "progress_11": "使用车钥匙，使用小螺丝刀把钥匙拆开，发现里面缺少电池，使用钮扣电池，将钮扣电池装进去，车钥匙就正常可用了",
  "progress_12": "查看钥匙孔，使用车钥匙，将已经装入纽扣电池的车钥匙插进去",
  "progress_13": "打开手套箱，得到里面的重要东西",
  "progress_14": "面对后排扶手，向下滑动手指，将扶手翻下来，与小平对话，小平会伸出手来向你要东西，使用小灯，将灯递给小平，小平就能在后备厢里帮你找东西了",
  "progress_15": "使用温度计，仔细查看上下指针的读数，操作仪表，调整时间，将小时调整为温度计的上读数，分钟调整为温度计的下读数，神奇的事情就会发生",
  "progress_16": "打开前杯架，得到里面的小螺丝刀"
}
