{
  "progress_1": "차열쇠를 얻을 때까지 스크린을 클릭하면 됩니다",
  "progress_2": "차열쇠를 사용하여 차를 찾습니다",
  "progress_3": "조수석의 차문을 열고 들어가 앉습니다",
  "progress_4": "의자 등받이의 사이 공간을 찾아 안에 무엇이 있는지 확인합니다",
  "progress_5": "의자 아래쪽을 한번 찾아보고 안에 물건이 있으면 집어냅니다",
  "progress_6": "의자 등받이의 사이 공간을 찾아 안에 무엇이 있는지 확인합니다",
  "progress_7": "셋째 줄 의자에 앉아 왼쪽 컵 홀더 안에 물건을 얻을 수 있습니다",
  "progress_8": "셋째 줄 의자에 앉아 오른쪽 컵 홀더 안에 물건을 얻을 수 있습니다",
  "progress_9": "탐 고양이를 사용하여 고양이 뒷면을 한번 보고 이때 드라이버를 사용하여 탐 고양이의 밑받침을 뜯고 2개 전지를 사용하여 넣으면 탐 고양이가 조립 완성 됩니다 그것은 당신에게 암호를 알려줍니다",
  "progress_10": "자동차 안에 셋째 줄은 트렁크와 직접 연결되어 트렁크 안에 있는 물건을 얻을 수 있습니다",
  "progress_11": "탐 고양이를 사용하고 녹음이 시작될 때 설비에 대고 고양이 소리(야옹하면 됩니다. 주의할 점은 한번만 내면 됩니다)를 내어 탐 고양이가 고양이로 착각하게 하면 비밀번호를 알려줄 것입니다. 운전석에서 제어판 스크린에 이 비밀번호를 입력하면 어떤 곳이 열리게 될 것입니다",
  "progress_12": "둘째 줄 좌석에 앉아 앞 좌석 콘솔박스를 보고, 콘솔박스의 검은 덮개를 열어 보면 안에 중요한 물건이 있을 것입습니다",
  "progress_13": "운전석 무릎 위치에 작은 보관함이 있는데 안에 무언가가 있을 것입니다",
  "progress_14": "탐 고양이를 사용하여 녹음이 시작될 때 설비에 대고 강아지 소리(멍을 두번 하면 됩니다. 주의할 점은 한번만 하면 안되는 것입니다)를 내어 탐 고양이가 강아지로 착각하게 하면 비밀번호를 알려줄 것입니다. 자동인출기를 사용하여 ATM카드를 꼽고 이 비밀번호를 입력하면 자동인출기가 반응이 있을 것입니다",
  "progress_15": "ATM을 사용 톰 고양이가 당신에게 암호를 입력합니다",
  "progress_16": "둘째 줄 왼쪽 의자에 앉아 앞 좌석 콘솔박스를 보고 콘솔박스의 검은 덮개를 완전히 열어 USB설비를 사용하면 USB 설비를 USB 포트에 꼽을 수 있습니다. 그러면 차에 신기한 변화가 생길 것입니다",
  "progress_17": "시동 버튼을 누르면 차가 시동이 걸립니다",
  "progress_18": "제어판 아래에 여러 개 보관함이 있습니다. 하나씩 한번 찾아보세요",
  "progress_19": "운전석 문밖에서 의자 아래의 오일탱크 스위치를 움직여 보세요",
  "progress_20": "오일탱크 덮개를 열면 안에 물건을 얻을 수 있습니다",
  "progress_21": "자동차 뒷부분 트렁크에서 오른쪽 덮개 판자를 들면 무언가가 있을 것입니다",
  "progress_22": "탐 고양이를 사용한 후 돼지를 사용하면 탐 고양이는 에어컨을 조절하는 특수한 조합을 알려줄 것입니다. 차에 돌아가 탐 고양이가 알려준 대로 에어컨을 조절하면 그 전에 열리지 않던 곳이 열릴 것입니다",
  "progress_23": "둘째 줄 오른쪽 의자에 앉아 앞쪽 바닥의 보관함을 열고, 검은 박스를 열면 전원포트가 보입니다. iPhone 충전기, iPhone 케이블 순서대로 사용하면 핸드폰을 충전할 수 있을 것입니다",
  "progress_24": "글러브 박스를 열면 안에 물건을 얻을 수 있습니다",
  "progress_25": "Howard와 통화하고 마지막 말을 할 때 휴지를 사용하면 됩니다"
}
