{
  "progress_1": "Click anywhere until you get the car key.",
  "progress_2": "Use the car key to identify Howard's car.",
  "progress_3": "Open the co-driver's door, and get into the car.",
  "progress_4": "Check every seat back for something hidden inside the seat.",
  "progress_5": "Pay attention to the underground of the seat. If something's there, take it out.",
  "progress_6": "Check every seat back for something hidden inside the seat.",
  "progress_7": "Sit on the third-row seat, watch your left bottom cornor. There's something in the cup-holder.",
  "progress_8": "Sit on the third-row seat, watch your right bottom cornor. There's something in the cup-holder.",
  "progress_9": "Use the Tom cat, check its back. Use the screwdriver to take out the bottom lid, use both of the batteries and make the cat become alive. It will tell you a password.",
  "progress_10": "While you're seeing the third-row seat, you can reach the trunk directly.",
  "progress_11": "Use the Tom cat. While it's recording your voice, make one cat sound \\\"Meow\\\" to your iPhone, just one. The cat would think you're its friend Cat and it will tell you a password. Input this password in the screen of the central control panel from driver's seat, somewhere would be unlocked.",
  "progress_12": "Sit on the left back seat, check the front arm box. Open it, get the important stuff.",
  "progress_13": "There's a little storage box around the left knee of the driver seat. Open it and get the good stuff inside it.",
  "progress_14": "Use the Tom cat. While it's recording yoru voice, make two or more bark sound to your iPhone. The cat would think you're its friend Dog and it will tell you a password. Remember this password. Use ATM. Insert the card to the ATM and enter the password. The ATM will be unsecured.",
  "progress_15": "Use the ATM and type the password that Tom cat told you. Amazing thing will happen.",
  "progress_16": "Sit on the left back seat, check the front arm box. Open the black lid and check it out carefully, you will see a USB interface. Use the USB device to plug it into the interface. The car will become another state.",
  "progress_17": "Hit the start button. The car will start!",
  "progress_18": "There're several storage boxes below the central control panel. Explore them.",
  "progress_19": "Go outside from the driver's door. See the floor of the seat, you'll see a switch. Pull it, it will unlock the tank holder.",
  "progress_20": "Open the tank lid. Something's there.",
  "progress_21": "Open the trunk and uncover the right lid. Surprise!",
  "progress_22": "Use the Tom cat, and then use the pig. The cat will think you're the pig and it will tell you the final secret. It's all about the air conditioning. Remember them carefully. Go to the air buttons, adjust the air conditioning to what the cat just said, the last box will be unlocked.",
  "progress_23": "Sit on the right back seat, check the floor box. Open the box and the black lid, you'll see a power outlet. Use the iPhone charger, and the iPhone data cable. After using there two items, the iPhone will be charging.",
  "progress_24": "Open the glove box, get the stuff inside it.",
  "progress_25": "Back to your iPhone and talk to Howard, choose a right time to use the toilet paper."
}
