{
  "progress_1": "車の鍵を手に入れるまでにスクリーンをクリックし続ける",
  "progress_2": "車の鍵を使って、車を探す",
  "progress_3": "助手席ドアを開いて、乗り込む",
  "progress_4": "シートの中に何かが隠されている",
  "progress_5": "シート下に注意して、何かあればで取れる",
  "progress_6": "シートの中に何かが隠されている",
  "progress_7": "3列目のシートに移動して、左側のカップホルダーにアイテムがある",
  "progress_8": "3列目のシートに移動して、右側のカップホルダーにアイテムがある",
  "progress_9": "トムキャットを使って、裏を見る、ドライバーを使ってカバーを開けて、乾電池2本を入れって、カバーを戻す、それはあなたのパスワードを教えてくれます",
  "progress_10": "3列目のシートからトランスに入って、アイテムを見つける",
  "progress_11": "トムキャットを使って、録音中に端末に「ミョウ！」と猫のように叫ぶ。猫だと判断されて、パスワードを教える。運転席でタッチパネルスクリーンにパスワードを入力すれば、あるところはアンロックされる",
  "progress_12": "後席左側のシートからコンソールボックスをクリックして、カバーを開いてアイテムを見つける",
  "progress_13": "運転席の下の物入れを見てみよう、アイテムがある",
  "progress_14": "トムキャットを使って、録音中に端末に「ワン！ワン！」と犬のように叫ぶ。犬だと判断されて、パスワードを教える。ATMにATMカードを使ってパスワードを入力する",
  "progress_15": "ATMを使用して、トムの猫があなたに言ったパスワードを入力します",
  "progress_16": "後席左側のシートからコンソールボックスをクリックして、カバーを開けてUSBメモリを端子使って",
  "progress_17": "スタートスイッチを押して、エンジンはかかる",
  "progress_18": "センターコンソール下のある物入れを全部確認しよう",
  "progress_19": "車を降りて、運転席ドアを開いて、シート下のあるガソリンタンクリッドロックスイッチを操作する",
  "progress_20": "ガソリンタンクリッドを開けて、アイテムを手に入れる",
  "progress_21": "トランク中の右側のカバーを開けて、アイテムを手に入れる",
  "progress_22": "トムキャット、ブーの順に使えば、エアコンの設定コツがわかる。そう設定すれば、あるところはアンロックできる",
  "progress_23": "後席右側のシートで、前の物入れを開いて、電源ソケットにiPhone充電器ケーブル、iPhoneの順に使えば、充電できる",
  "progress_24": "グローブボックスを開いて、アイテムを手に入れる",
  "progress_25": "Howardに電話をかけて、最後にトイレットペーパーを使う"
}
