{
  "progress_1": "点击屏幕，直到获得车钥匙为止",
  "progress_2": "使用车钥匙来确认车辆",
  "progress_3": "打开副驾驶的车门，坐进去",
  "progress_4": "到处去找座椅靠背的夹层，摸摸里面有没有东西",
  "progress_5": "留意座椅下方，里面如果有东西的话可以把它拿出来",
  "progress_6": "到处去找座椅靠背的夹层，摸摸里面有没有东西",
  "progress_7": "坐到第三排座椅上，左边的杯架里有东西",
  "progress_8": "坐到第三排座椅上，右边的杯架里有东西",
  "progress_9": "使用汤姆猫，查看猫的背面，此时使用螺丝刀即可拆下汤姆猫的底座，分别使用2节电池装进去，把汤姆猫组装好。它会告诉你一串密码",
  "progress_10": "车内第三排直通后备厢，得到后备厢里的东西",
  "progress_11": "使用汤姆猫，在它录音时对着你的设备学猫叫（一声喵就可以，注意，仅一声），汤姆猫识别出你是猫后会告诉你一串密码，从驾驶位去中控液晶屏前输入这串密码，某个地方的锁就解开了",
  "progress_12": "坐在第二排左边座椅上查看前排扶手箱，掀开扶手箱里的黑色盖子看看，里面有重要物品",
  "progress_13": "驾驶员的膝盖位置有个小储物盒，里面有好东西",
  "progress_14": "使用汤姆猫，在它录音时对着你的设备学狗叫（喊两声汪，注意，不能只喊一声），汤姆猫识别出你是狗后会告诉你一串密码，去使用ATM机，插入ATM卡，输入这串密码，ATM机就有反应了",
  "progress_15": "使用ATM机，输入汤姆猫说的密码",
  "progress_16": "坐在第二排左边座椅上可以查看前排扶手箱，完全掀开扶手箱里的黑色盖子，使用USB装置，将其插入到USB接口中，车就会有神奇的变化了",
  "progress_17": "按一下启动按钮，车就发动了",
  "progress_18": "在中控面板的下方有许多储物格，去挨个探索一番吧",
  "progress_19": "来到驾驶位车门外，扳动一下座椅下方的油箱开关",
  "progress_20": "打开油箱盖，得到里面的东西",
  "progress_21": "去车尾后备厢，掀开右边的盖板，有惊喜",
  "progress_22": "使用汤姆猫，再使用猪，汤姆猫就会告诉你一大串调整空调的特殊组合，回车内按汤姆猫说的去调整空调，调好后就能打开之前某个打不开的地方了",
  "progress_23": "坐在第二排右边的座椅去打开前方地板上的储物盒，打开黑盖子发现电源接口，依次使用iPhone充电器、iPhone数据线，这样就能给手机充电了",
  "progress_24": "打开手套箱，得到里面的东西",
  "progress_25": "与小华通话，说到最后话时使用厕纸就行了"
}
