{
  "afterLoad_1": "참 신기하게 오일탱크 덮개에 iPhone 케이블이 걸려있습니다!",
  "afterLoad_2": "오일탱크가 잠겨져 있습니다",
  "getDataLines_1": "iPhone케이블 하나를 얻었습니다",
  "getDataLines_2": "오일 탱크 덮개, 이상한 점이 없습니다",
  "open_1": "오일 탱크, 위험이 발생할 수 있으니 아무거나 손대지 않는 것 이 좋을 것 같습니다. ",
  "open_2": " 오일탱크가 잠겨져 있어 열리지 않습니다"
}