{
  "afterLoad_1": "퓨즈를 원 위치에 꼽았습니다. 이제 회로는 정상으로 회복되었습니다",
  "afterLoad_2": "퓨즈를 꼽는 곳",
  "afterUseItem_1": "설명서에 퓨즈를 꼽는 구멍을 모두 표기하였습니다",
  "afterUseItem_2": "이 위에 구멍이 가득한데 어디에 꼽는지 모르겠습니다",
  "afterUseItem_3": "하, 드디어 퓨즈가 부족한 지 알았습니다. 꼽습니다! 이젠 될 것입니다",
  "getFusepaper_1": "퓨즈를 꼽았습니다. 이번엔 전기가 통할 것입니다",
  "getFusepaper_2": "퓨즈 설명서를 얻었습니다",
  "getFusepaper_3": "설명서대로 보면 이곳에 확실히 퓨즈가 부족한 것 같습니다",
  "getFusepaper_4": "이곳이 퓨즈를 꼽는 곳인 것 같습니다",
  "getFusepaper_5": "이렇게 많은 구멍이 있는데 퓨즈를 어디에 꼽아야 할까요"
}