{
  "afterLoad_1": "The fuse has been put back into right place. Now the car should be able to power on.",
  "afterLoad_2": "Places to plug some fuses.",
  "afterUseItem_1": "The manual shows all the right places of the fuse system.",
  "afterUseItem_2": "It's too complicated. How could I know where it should go?",
  "afterUseItem_3": "Ha ha! Now I know where it goes! Put it there!",
  "getFusepaper_1": "The fuse is on its right position. The car should be able to be powered on now.",
  "getFusepaper_2": "Get a manual.",
  "getFusepaper_3": "According to the manual, a fuse is missing.",
  "getFusepaper_4": "Here it seems the fuse system.",
  "getFusepaper_5": "It's too complicated. How could I know where it should go?"
}