{
  "afterLoad_1": "ヒューズを戻した、これで電気回路を直るずだ",
  "afterLoad_2": "ヒューズ穴",
  "afterUseItem_1": "説明書にすべてのヒューズ穴が表記されている",
  "afterUseItem_2": "こんなにたくさんの穴…どれなのよ！",
  "afterUseItem_3": "よしっ！場所がわかった！戻してやる！",
  "getFusepaper_1": "ヒューズは戻した、今度はいけるのだろう",
  "getFusepaper_2": "ヒューズの説明書を手に入れた",
  "getFusepaper_3": "説明書によれば…確かここにヒューズがあるはずだ",
  "getFusepaper_4": "ここだな",
  "getFusepaper_5": "こんなに穴がある…どれだろう"
}