{
  "afterLoad_1": "保险丝已经插回原位了，这回电路应该正常了",
  "afterLoad_2": "插保险丝的地方",
  "afterUseItem_1": "说明书上已经标注所有插了保险丝的插孔",
  "afterUseItem_2": "这上面好多空的插孔，不知道该往哪里插啊",
  "afterUseItem_3": "哈，终于知道哪里缺保险丝了，我插！这回应该行了",
  "getFusepaper_1": "保险丝已经插回去了，这回应该能通电了吧",
  "getFusepaper_2": "得到了保险丝说明书",
  "getFusepaper_3": "对照说明书看看，这里好像确实缺了个保险丝",
  "getFusepaper_4": "这里好像就是插保险丝的地方",
  "getFusepaper_5": "这么多插孔，应该把保险丝插到哪里呢"
}