{
  "progress_1": "点击车前部的顶棚中间位置，点亮头顶上的灯",
  "progress_2": "打开后座扶手，得到扶手里藏着的东西",
  "progress_3": "使用宝马车钥匙的金属部分打开副驾驶位的手套箱，得到手套箱里藏着的东西",
  "progress_4": "来到右边遮阳板视角，使用蓝色药水就会发生神奇的事情哦",
  "progress_5": "打开驾驶位旁边的烟灰盒，得到藏在里面的东西",
  "progress_6": "从驾驶位进入中控面板，点击面板上的数字区域，进入输入密码的视角，使用蓝色药水就能发现有三个数字被显影出来了，不断尝试它们3个的不同组合，就能试出真正的解锁密码啦",
  "progress_7": "打开车门，但是别逃跑，迅速地、不浪费时间地点击座椅下方、再点击座椅前部，这样就能发现座椅下面藏着的重要物品了，得到后别忘了快速返回车内，免得炸弹爆炸",
  "progress_8": "使用已经得到的宝马车钥匙遥控部分，再使用钥匙的金属部分，就能组装成完整的车钥匙啦",
  "progress_9": "在钥匙孔视角使用完整的宝马车钥匙，车就通电啦",
  "progress_10": "从驾驶位视角点击车载液晶屏就能进入宝马iDrive系统了，依次进入“设置”->“灯光”，就能看到“回家照明”那个部分里的14秒，调整这个数值，获得更多待在车外的时间",
  "progress_11": "从驾驶位视角点击车载液晶屏就能进入宝马iDrive系统了，依次进入“设置”->“车门锁”，就能看到“开锁：仅驾驶员侧车门”，把它设置为“所有车门”，就能开启所有的车门啦",
  "progress_12": "去车外，打开副驾驶的车门，点击方向盘左上方的车顶，就能得到天窗里藏着的东西啦",
  "progress_13": "从驾驶位视角点方向盘左下方米色的像小格一样的东西进入储物格视角，打开储物格，得到藏在里面的东西",
  "progress_14": "去车外，走到车尾，打开后备厢，再点击后备厢内部，打开盖板，得到里面的东西",
  "progress_15": "使用手电筒的柄部和电池，再使用手电筒底座，就能组装成完整的手电筒啦",
  "progress_16": "在车外，点击驾驶位车门的储物槽，会发现里面有样东西",
  "progress_17": "去车外，来到车尾，打开后备厢，此时不要点任何地方，使用手电，您就会看到后备厢上方的蓝色小盒被照亮了，不断点击它以查看它里面的东西，直到最后一步时，分别使用红、绿、蓝三个小瓶，您就能获得三条关键线索了",
  "progress_18": "去车外，点击驾驶位车门的油门刹车踏板附近区域，就能看到引擎盖解锁的扳手了，扳动它，车头的引擎盖就能打开了，在引擎舱内有很重要的线索等着您去获得",
  "progress_19": "去车外，来到车头，打开引擎盖，能看到引擎舱里有个蓝色的标签，仔细查看蓝色标签，分别使用道具红、绿、蓝三个小瓶，您就获得三条关键线索了",
  "progress_20": "去车外，打开车右边的后门，点击车内两个座椅中间的区域，这样您就看到了后座烟灰盒，此时使用数字仪表",
  "progress_21": "去车外打开后备厢，点击后备厢内部靠左侧的区域，能发现这里别有洞天，不断探索里面的东西，就会有所收获了",
  "progress_22": "在驾驶位视角点击中控面板，来到中控面板视角后使用光盘，光盘就插入到中控里啦",
  "progress_23": "去车外，打开车右边的后门，点击车内两个座椅中间的区域，打开烟灰盒下方的小抽屉，有惊喜哦",
  "progress_24": "打开手套箱，先使用手电，就能发现手套箱里的USB接口啦，此时使用U盘，U盘就插进去啦",
  "progress_25": "去车外，打开副驾驶的车门，点击中控位置查看前座扶手，打开扶手，得到里面的东西",
  "progress_26": "从后座向左看视角点击中间座椅上方的的头枕，再次点击中间头枕，就能发现头枕后面的东西了",
  "progress_27": "去车外，打开副驾驶的车门，点击中控位置查看前座扶手，打开扶手，使用读卡器，再使用SD卡，SD卡就插进去啦",
  "progress_28": "进iDrive的“CD/多媒体”->“外部设备”->“导入/导出音乐”，点击向右箭头，数据导入就完成啦！接下来你需要研究一番iDrive，看看刚刚导入的是什么",
  "progress_29": "去车外，找到油箱口，打开油箱盖，分别使用红、绿、蓝小瓶，你就获得关键线索了",
  "progress_30": "从驾驶位视角点击方向盘左侧的灯光调节开关了，同时开启车大灯和两个雾灯",
  "progress_31": "从驾驶位视角点击中控面板，来到中控面板视角后点击所有你能点的地方，使得面板上的灯全部亮起，并且两边空调的温度都是16度，这样你就把面板上的这些灯都打开了。注意，最终亮起来的小灯一共是18个",
  "progress_32": "去车外，打开后备厢，点击后备厢内部靠右侧的区域，能看到一个黑色的小包，得到包里有用的东西",
  "progress_33": "在后座向前看的视角点击屏幕左上角，你就来到了左侧遮阳板视角，使用剪刀，遮阳板就打开了，打开它里面的化妆镜灯",
  "progress_34": "在后座向前看的视角点击屏幕右上角，你就来到了右侧遮阳板视角，使用剪刀，遮阳板就打开了，打开它里面的化妆镜灯",
  "progress_35": "进iDrive的“BMW服务”去执行解除炸弹程序",
  "progress_36": "打开车门，逃跑吧！"
}
