{
  "progress_1": "Lit the dome lamp in the front of the car.",
  "progress_2": "Open the back seat armrest, something's there.",
  "progress_3": "Use the weird key to open the glove box. something is hidden there.",
  "progress_4": "Check the right sun visor. Use the blue liquid. Something amazing will happen.",
  "progress_5": "Open the driver's ash box and take the stuff inside it.",
  "progress_6": "Check the central control panel and look at the numbers carefully. Use the blue liquid, then you'll see three numbers were picked up. Try to enter every combination of these three numbers and you can't miss the right one to unlock something.",
  "progress_7": "Open the driver's door but don't run now. You have to check the bottom of the seat and then the front of the seat quickly without wasting any time. Then you'll see something important under the driver's seat. Don't forget to back into the car as soon as you get it. Otherwise you'll be blown up!",
  "progress_8": "First use the incomplete BMW car key, then use the weird key. These two parts will be assembled into a complete car key.",
  "progress_9": "Use the complete BMW car key when you're in front of the ignition. The car will power on.",
  "progress_10": "Check out the screen above the central control panel and that's the famous BMW iDrive system. Go to \\\"Settings\\\" -> \\\"Lights\\\" -> \\\"Home lights\\\", which is showing \\\"14\\\". Adjust that value as max as possible. You'll get enough time to stay outside around the car.",
  "progress_11": "Check out iDrive system, go to \\\"Settings\\\" -> \\\"Door locks\\\" -> \\\"Lock button: Driver's door only\\\". Adjust it to \\\"All doors\\\". This will unlock all the doors.",
  "progress_12": "Go outside and open the co-driver's door. Check the roof inside the car and you'll find something hanging there.",
  "progress_13": "Check the bottom left of the steering wheel and you'll see a box. Feel free to open it.",
  "progress_14": "Go outside and check out the trunk. Open it and check what's under the cover.",
  "progress_15": "Use the batteries and the incomplete flashlight, then use the black lid with a spring. They will combine into a complete flashlight.",
  "progress_16": "Go outside from the driver's door and check out the storage slot of the door. Something's in there.",
  "progress_17": "Go outside and check out the trunk. While the trunk is open and you can see the trunk cover, use the flashlight. Something in the dark will show itself to you. After you get it, remember to use all of the three liquid to see what it could change to be, at last you'll get three important clues.",
  "progress_18": "Go outside from the driver's door and check around the pedal area. You'll see a black handle. Pull it, and the hood will be unlocked. Check out the hood. There're important clues in the hood.",
  "progress_19": "Go outside and open the hood, you'll see a blue tag. Use all of three liquids and you'll get three important clues.",
  "progress_20": "Go outside and open the right back door. Check out the middle area of the front seats, you'll see the ash box. Use the digital meter.",
  "progress_21": "Go outside and open the trunk, check the left area inside the trunk. You'll find something interesting there.",
  "progress_22": "Go to the central control panel and use the CD. The CD will be inserted into the CD-ROM.",
  "progress_23": "Go to the ash box from the right back door outside, notice the small drawer near the floor. Open it.",
  "progress_24": "Open the glove box and use the flashlight. You'll find there's a USB interface in the left of the box. Use the USB memory stick, it will be plugged into it.",
  "progress_25": "Go outside and open the co-driver's door. Check out the central control panel and you'll see the armrest. Open it.",
  "progress_26": "While you're seeing the left back door inside the car, check out the headrest of the middle seat. Flip it, and you'll see what's hidden there.",
  "progress_27": "Go outside and open the co-driver's door. Check out the central control panel and you'll see the armrest. Use the SD card reader first, and use the SD card secondly.",
  "progress_28": "Go to iDrive \\\"CD/Multimedia\\\" -> \\\"External devices\\\" -> \\\"import / export music\\\", click the right arrow, a new program will be imported into the system. Next, you need to dig the iDrive to find out what program it just imported.",
  "progress_29": "Go outside and check the right back of the car. Find where the tank is and open the tank lid. Use all three liquids to get clues.",
  "progress_30": "Check the headlight control switch from the driver's seat inside the car, and you'll see the headlight control area. Turn on all lights as much as you can.",
  "progress_31": "Check the central control panel and lit all the lamps as much as you can. The air conditioning temperature is 16. Remember, there're totally 18 lamps.",
  "progress_32": "Go outside and check the right area of the trunk. You'll see a black bag. Open it and get anything useful.",
  "progress_33": "Open the left sun visor by using the scissor. Once it's opened, lit the lamp of the mirror.",
  "progress_34": "Open the right sun visor by using the scissor. Once it's opened, lit the lamp of the mirror.",
  "progress_35": "Go to iDrive  \\\"BMW Service\\\", run the \\\"Deactive bomb\\\" program!",
  "progress_36": "The bomb is deactived. Open the door and run!"
}
