{
  "progress_1": "차 앞쪽에 천장 중간 위치를 누르면 머리위에 램플를 켤 수 있습니다",
  "progress_2": "뒷좌석 콘솔박스를 열면 안에 숨겨진 물건을 얻을 수 있습니다",
  "progress_3": "BMW 차열쇠의 금속부분으로 조수석의 글러브 박스를 열어 글러브 박스에 숨겨진 물건을 얻습니다",
  "progress_4": "오른쪽 선 바이저쪽으로 와서, 푸른 색 약물을 사용하면 신기한 일이 일어납니다",
  "progress_5": "운전석 옆에 재떨이를 열어 안에 숨겨진 물건을 얻습니다",
  "progress_6": "운전석에서 제어판에 들어가 제어판의 디지털 구역을 클릭하고 비밀번호 입력 화면에 들어간 후 색 약물과 푸른 색 약물을 각기 사용하면 세 개 숫자가 나타납니다. 이 세개 숫자를 조합하면 정확한 비밀번호를 얻을 수 있습니다",
  "progress_7": "차문을 열고 도망치는 것이 아니라 신속하고 빠르게 의자 아래를 한번 누르고 다시 의자 앞을 누르면 의자 아래에 숨겨진 중요한 물건을 발견할 수 있습니다. 물건을 얻은 후 신속하게 찬 안에 돌아와 폭탄 폭파를 피면하여야 합니다",
  "progress_8": "이미 얻은 BMW 차열쇠의 리모콘을 사용하고, 열쇠의 금속 부분을 다시 사용하면 완정한 차열쇠가 조립됩니다",
  "progress_9": "열쇠구멍 시각에서 완정한 BMW 차열쇠를 사용하면 자동차가 시동이 걸립니다",
  "progress_10": "'운전석 각도에서 차량용 액정 스크린을 클릭하면 BMW iDrive 시스템에 들어가는데 그 다음 “Settings”->“Lights” 순서로 들어가면 “Home lights”부분에 14 초가 보입니다. 이 수치를 조절하여 차 밖에 있을 수 있는 시간을 길게 하면 됩니다'",
  "progress_11": "운전석 각도에서 차량용 액정 스크린을 클릭하면 BMW iDrive 시스템에 들어가는데 그 다음 “Settings”->“Door locks”순서로 들어가면 “Lock button: Driver's door only”가 보입니다. 이것을  “All doors”로 조절하면 모든 차문을 열 수 있습니다 ",
  "progress_12": "차 밖에 나가 조수석의 문을 열고 핸들 왼쪽 상단의 천장을 누르면 천장에 숨겨진 물건을 얻을 수 있습니다",
  "progress_13": "운전석 시각에서 핸들 왼쪽 하단의 미색 격자 같은 것을 누르면 보관함 시각이 나오는데, 보관함을 열면 안에 숨겨진 물건을 얻을 수 있습니다",
  "progress_14": "차밖에 나가 차 뒷켠으로 가서 트렁크를 열고 트렁크 안을 눌러 덮개 판자를 열면 안에 물건을 얻을 수 있습니다",
  "progress_15": "손전등의 잡이와 전지를 사용하고 손전등의 밑받침을 사용하면 완정한 손전등을 얻을 수 있습니다",
  "progress_16": "차밖에서 운전석 차문의 보관함을 클릭하면 안에 있는 물건을 얻을 수 있습니다",
  "progress_17": " 차밖에 나가 차 뒷켠으로 가서 트렁크를 열고 아무것도 누르지 않은 상황에 손전등을 사용하면 트렁크 윗쪽 푸른색 박스가 켜집니다. 끊임없이 클릭하면 안에 있는 물건을 볼 수있는데 마지막 한 절차에서 각기 붉은 색, 녹색, 푸른 색 병을 사용하면 세 개 관건적인 실마리를 얻을 수 있습니다",
  "progress_18": "차 밖에 나가 운전석 차문의 기어 브레이크 페달 부근 구역을 클릭하면 엔진커버를 여는 스패너를 볼 수 있습니다. 이것을 돌려서 자동차 앞의 엔진커버를 열고 엔진실 안에 중요한 실마리를 얻을 수 있습니다",
  "progress_19": "차 밖에 나가 차 앞쪽에 가서 엔진커버를 열면 엔진실에 푸른 색 표시가 있는 것을 볼 수 있는데 자세히 보고 붉은 색, 녹색, 푸른 색 병을 각기 사용하여 세개 관건적인 실마리를 얻을 수 있습니다",
  "progress_20": "차 밖에 나가 차 오른쪽 뒷문을 열고 자동차 안에 두개 의자 중간 구역을 클릭하면 뒷좌석 재떨이가 보입니다. 사용 디지털계기",
  "progress_21": "차밖에 나가 트렁크를 열고 트렁크 안에 왼쪽 구역을 클릭하여 이 곳에 생각밖에 물건이 있음을 발견할 수 있습니다. 물건을 끊임없으 찾다보면 수확인 있을 것입니다",
  "progress_22": "운전석 시각에서 제어판을 클릭하여 제어판 시각으로 들어온 후 CD를 사용하면 CD를 제어판에 넣을 수 있습니다",
  "progress_23": "차 밖에 나가, 오른쪽 뒷문을 열고 자동차 안에 두개 의자 중간 구역을 클릭한 후 재떨이 박스 아래의 서랍을 열면 무언가를 얻을 수 있습니다",
  "progress_24": "글러브 박스를 열고 손전등을 먼저 사용하면 글러브 박스의 USB 포트를 발견할 수 있습니다. 이 때 USB메모리를 사용하면 USB 메모리를 꼽을 수 있습니다",
  "progress_25": "차 밖에 나가 조수석 차문을 열고, 제어판위치를 클릭하여 앞좌석  콘솔박스를 열고 안에 물건을 얻을 수 있습니다",
  "progress_26": "뒷좌석에서 왼쪽으로 보는 시각에서 중간 의자 윗쪽의 머리받침을 클릭하고 다시 중간 머리받침을 클릭하면 머리받침 뒷면에 물건을 얻을 수 있습니다",
  "progress_27": "차 밖에 나가, 조수석의 차문을 열고 제어판 위치를 클릭하여 앞좌석 콘솔박스를 보고 콘솔박스를 열어 USB메모리 카드 리더를 사용한 후 다시 SD카드를 사용하면 SD카드가 꼽힙니다",
  "progress_28": "iDrive의 CD/Multimedia”->“External devices”->“import / export music”에 들어가, 오른쪽 화살표를 클릭하면 데이터 임포트가 완성됩니다! 그 다음 iDrive를 한번 연구하여 금방 임포트 한 것이 무엇인지 연구합니다",
  "progress_29": "차밖에 나가 오일탱크 구멍을 찾고 오일탱크 덮개를 열어 붉은 색 녹색 푸른색 병을 각각 사용하면 관건적인 실마리를 얻을 수 있습니다",
  "progress_30": "운전석 시각에서 핸들 왼쪽의 램프 조절 스위치를 클릭하고 동시에 헤드램프와 안개등 두 개를 엽니다",
  "progress_31": "운전석 시각에서 제어판을 클릭하여 제어판 시각에 들어온 후 모든 클릭할 수 있는 곳ㅇ르 클릭하여 제어판에 램프가 전부 켜지게 하고,  또한 양쪽 에어컨의 온도가 모두 16도이면 제어판에 있는 모든 램프를 켤 수 있습니다. 전체 켜진 램프는 총 18개 입니다",
  "progress_32": "밖에 나가 트렁크를 열고, 트렁크 안에 오른쪽 구역을 클릭하면 검은 색 가방이 있는데 가방안에 쓸모있는 물건이 있을 것입니다",
  "progress_33": "뒷좌석에서 앞으로 보는 시각에서 스크린 오른쪽 상단을 클릭하면 오른쪽 선루프 시각에 들어오는데, 여기서 가위를 사용하면 선루프가 열립니다. 그 안에 있는 메이크업램프를 켤 수 있습니다",
  "progress_34": "뒷좌석에서 앞으로 보는 시각에서 스크린 왼쪽 상단을 클릭하면 왼쪽 선루프 시각에 들어 오는데, 여기서 가위를 사용하면 선루프가 열립니다. 그 안에 있는 메이크업램프를 켤 수 있습니다",
  "progress_35": "iDrive의“BMW Service”에 들어가 폭탄 제거 프로그램을 진행할 수 있습니다",
  "progress_36": "차문을 열고 빨리 도망가세요!"
}
