{
  "progress_1": "フロントガラス真上にクリックして、マップランプをつける",
  "progress_2": "リヤセンターアームレストを開けて、アイテムを見つける",
  "progress_3": "BMW鍵の金属パーツを使って助手席のグローブボックスを開けて、アイテムを見つける",
  "progress_4": "右側のサンバイザーに青い液体を使えば、",
  "progress_5": "運転席のそばにある灰皿を開いて、アイテムを見つける",
  "progress_6": "運転席からセンターコンソールに移動して、デンキーをクリックして、パスワード入力シーンになる。青い液体を使えば、3つの数字が出てきた。その組み合わせ順番を入力してみれば、アンロックできる",
  "progress_7": "ドア開けて、すぐシートの下と前をクリックして、アイテムを見つける。そしてすぐ車内に戻らないと、爆弾が爆発する",
  "progress_8": "BMW鍵の本体、金属パーツの順に使えば、完成したBMW鍵を手に入れる",
  "progress_9": "鍵穴に完成したBMW鍵を使って、車の電気システムは立ち上がる",
  "progress_10": "運転席でタッチパネルモニターをクリックして、BMWのiDriveシステムに入って、“Settings”、“Lights”、“Home lights”の順に操作して、14秒の部分を調整すれば、車外にいる時間を増やす",
  "progress_11": "運転席でタッチパネルモニターをクリックして、BMWのiDriveシステムに入って、“Settings”、 “Door locks”、 “Lock button: Driver's door only”の順に操作して、“All doors”に設定すれば、全ドアが開けられるようになる",
  "progress_12": "車から降りて、助手席のドアを開けて、ハンドル左上の天井をクリックして、サンルーフに隠されるアイテムを見つける",
  "progress_13": "運転席でハンドル左下のボックスをクリックして、物入れを開けて、アイテムを見つける",
  "progress_14": "車から降りて、トランクを開けて、トランクの中をクリックして、アイテムを見つける",
  "progress_15": "懐中電灯、乾電池、蓋の順に使えば、完成した懐中電灯を手に入れる",
  "progress_16": "車を降りて、運転席ドアの物入れをクリックすれば、アイテムを見つける",
  "progress_17": "車を降りて、リヤに移動して、トランクを開けて、懐中電灯を使って、トランク上の青いボックスを連続にクリックして、赤、緑、青の瓶を使って、3つの手がかりがわかる",
  "progress_18": "車を降りて、運転席のペダル付近をクリックして、エンジンフード開閉レバーを開いて、エンジンフードを開ける。そこには重要な手がかりがある",
  "progress_19": "車を降りて、エンジンフードを開けて、青いラベルを調べて、赤、緑、青の瓶を使って、3つの手がかりがわかる",
  "progress_20": "車を降りて、右側の後ドアを開いて、2つのシートの真ん中をクリックして、灰皿が見える。デジタルメーターを使って",
  "progress_21": "車から降りて、トランクを開けて、トランク中の左側をクリックして、何かを見つける",
  "progress_22": "運転席でセンターコンソールをクリックして、センターコンソールに移動して、ディスクを使う",
  "progress_23": "車から降りて、右側のリヤドアを開けて、2つのシートの真ん中をクリックして、灰皿下のある引き出しを開けて、何かを見つける",
  "progress_24": "グローブボックスを開けて、懐中電灯を使って、USB端子を見つけて、USBメモリを使う。",
  "progress_25": "車を降りて、助手席ドアを開けて、センターコンソールをクリックして、中のアイテムを見つける",
  "progress_26": "後席から左側に向けて、シート真ん中のヘッドレストを2回クリックして、アイテムを見つける",
  "progress_27": "車を降りて、助手席ドアを開けて、センターコンソールをクリックして、開けてからSDカードリーダー、SDカードの順に使う",
  "progress_28": "iDriveを“CD/Multimedia”、“External devices”、“import / export music”の順に右矢印をクリックして、データが読み込まれる。そしてiDriveをよく見て、先に読み込まれたものを確認する",
  "progress_29": "車から降りて、ガソリンタンクリッドを開けて、赤、緑、青の瓶を使って、手がかりがわかる",
  "progress_30": "運転席でハンドル左側のライトスイッチをクリックして、ヘッドランプとフォグランプを全部つける",
  "progress_31": "運転席でセンターコンソールをクリックして、センターコンソールでクリックできるところを全部クリックして、全てのランプをつけるようになって、両サイドのエアコンを全部16度に設定する。全ランプ数は18個",
  "progress_32": "車を降りて、トランクを開いて、トランク中の右側をクリックして、黒いバッグを見つけて、中に使えるものを手に入れる",
  "progress_33": "後席で前向きの時に左上をクリックして、左側のサンバイザーに移動する。ハサミを使ってサンバイザーを開けて、バニティミラーランプをつける",
  "progress_34": "後席で前向きの時に右上をクリックして、右側のサンバイザーに移動する。ハサミを使ってサンバイザーを開いて、バニティミラーランプをつける",
  "progress_35": "iDriveの“BMW Service”から爆弾の解除プログラムを探す",
  "progress_36": "ドアを開けて、逃げろ！"
}
