{
  "click_1": "Although I escaped from the bad guys, Mike is still missing.",
  "click_2": "Howard and his assistant Ping keep helping me find where Mike is.",
  "click_3": "This day, Ping is following one of the bad guys. She is hiding in their car trunk.",
  "click_4": "Unfortunately, after the bad guys left the car, Ping can't get out of the trunk.",
  "click_5": "So Ping called me for help. I rushed there. Which car is Ping hiding in? I have to find out by myself.",
  "click_6": "Ping...Ping...Are you in this car?",
  "click_7": "Seems not. Let me search somewhere else.",
  "click_8": "Some cars are over there. Would Ping be in one of those?",
  "click_9": "Ping...Ping...Where are you?",
  "click_10": "Alas...She's not here.",
  "click_11": "Where could she be? Turn around, and I find another car...",
  "click_12": "(Ping: I'm here! I'm here!)",
  "click_13": "Oh my gosh! Here she is! Ping is in this car!",
  "click_14": "Go to the car..."
}
