{
  "click_1": "虽然我逃出了坏人的魔掌，但是小明却依然失踪",
  "click_2": "小华把调查小明下落的任务交给了他的得力助手，小平",
  "click_3": "这一天，小平为了跟踪坏人，钻进了坏人的汽车后备厢里",
  "click_4": "坏人把车开进了一个车库，下了车就走了，小平刚想要继续跟踪，却发现自己在后备厢里出不来了",
  "click_5": "小平给我打电话求助，我急忙赶到...可哪辆车才是呢？前面有一辆车，过去看看",
  "click_6": "小平...小平...你在吗？",
  "click_7": "这车里好像没人，再到别处找找",
  "click_8": "这边有好多车，小平会不会在这些车里呢？",
  "click_9": "小平...小平...你在吗？",
  "click_10": "看样子也不在这些车里...",
  "click_11": "唉，小平在哪呢？转身看看，这边还有一辆车...",
  "click_12": "(小平：我在这呢！我在这呢！)",
  "click_13": "啊！是这辆车！小平被困在这里了！",
  "click_14": "赶紧过去吧..."
}
