{
  "click_1": "私が悪者から脱出したが、しかし、Mikeはまだ行方不明であった",
  "click_2": "HowardはMikeの行方を調査する任務を、彼の右腕Pingに託した",
  "click_3": "ある日、悪者を追跡するために、pingは悪者の車のトランクに入った",
  "click_4": "悪者は、車をあるガレージに駐車して、車から降りて行ってしまった。Pingは続けて追跡しようとしたが、トランクにロックされ、抜け出すことができなくなった",
  "click_5": "Pingは助けを呼び、私に電話をかけた。私は急いでここに着いた...しかし、どの車でしょうか？前に一台があるから、行ってみよう",
  "click_6": "Ping...Ping...いるか？",
  "click_7": "人がいないみたい、他のを探そう",
  "click_8": "ここにはたくさん車がある。Ping...はここにいるかな？",
  "click_9": "Ping...Ping...いるか？",
  "click_10": "ここにもいないみたい",
  "click_11": "ああ、Pingはどこだ？振り向って、ここにまだ一台がある...",
  "click_12": "（Ping：私はここだ！私はここだ！）",
  "click_13": "あっ！この車だ！ Pingがここで閉じ込まれた！",
  "click_14": "急いでいこう"
}
