{
  "click_1": "비록 나쁜 사람들의 손아귀에서 벗어났지만, Mike는 여전히 실종되었습니다",
  "click_2": "Howard는 Mike를 찾는 임무를 그의 유능한 조수 Ping에게 넘겼습니다",
  "click_3": "이날, Ping은 나쁜 사람들을 추적하기 위해 나쁜 사람들의 트렁크에 숨었습니다",
  "click_4": "나쁜 사람들은 차를 한 차고에 몰고 들어가 차를 세운 후 어디론가 사라졌습니다. Ping는 계속 추적을 하려 하였으나, 자신이 트렁크에서 나오지 못하는 것을 발견하였습니다",
  "click_5": "Ping은 제게 전화를 하였고, 저는 급히 달려갔습니다...근데 어느 차이지? 앞에 한대가 있는데, 가봐야지",
  "click_6": "Ping...Ping...거기 있나요?",
  "click_7": "이 차에는 아무도 없는 것 같습니다. 다시 찾아보세요",
  "click_8": "여기 차들이 많은데, Ping이 여기 있지 않을가?",
  "click_9": "Ping...Ping...거기 있나요?",
  "click_10": "이 차에도 없는 것 같네...",
  "click_11": "휴, Ping어디있지? 돌아서니, 여기 차가 한 대 더 있습니다...",
  "click_12": "(Ping：저 여기 있어요！여기요!)",
  "click_13": "아! 이 차네! Ping이 여기에 갇혀있네!",
  "click_14": "빨리 가보세요..."
}
