{
  "beforeLoad_1": "뒷좌석에 의자가 넘어졌습니다",
  "beforeLoad_2": "나의 왼손에는 주사바늘이 꼽혀있어 작은 범위내로 움직일 수 밖에 없습니다. 너무 아파!",
  "afterUseItem_1": "바늘을 빼고 즉시 응급박스로 지혈합니다. 두손 모두 자유롭게 움직일 수 있습니다",
  "afterUseItem_2": " 바늘을 빼고 즉시 응급박스로 지혈합니다. 왼손을 자유롭게 움직일 수 있습니다 ",
  "infusion_1": "바늘이 깊에 꼽혀있어 직접 빼면 안됩니다! 그렇지 않으면 피가 계속 흐를 수 있습니다",
  "openDoor_1": "저런, 차문이 열리지 않습니다",
  "seatBottom_1": "뒷좌석 의자를 다시 넘깁니다",
  "seatBottom_2": "왼손은 작게만 움직일 수 있어 닿지 않고, 오른손은 채워져 있습니다",
  "headRest_1": "왼손은 작게만 움직일 수 있어 닿지 않고, 오른손은 채워져 있습니다"
}