{
  "beforeLoad_1": "后排座椅翻倒了",
  "beforeLoad_2": "我的左手插着输液针，只能小范围活动，好疼！",
  "afterUseItem_1": "拔下针头后立刻用急救包止血，双手都恢复自由了！",
  "afterUseItem_2": "拔下针头后立刻用急救包止血，左手恢复自由了",
  "infusion_1": "针头插得太深，不能直接拔！否则会血流不止！",
  "openDoor_1": "唉，车门打不开",
  "seatBottom_1": "把后排座椅又翻回去了",
  "seatBottom_2": "左手活动范围太小，够不到，右手又被铐住了",
  "headRest_1": "左手活动范围太小，够不到，右手又被铐住了"
}