{
  "beforeLoad_1": "The back seat is folded down.",
  "beforeLoad_2": "The needle of the drip is still in my left hand. My left hand can only reach a small range. And it really hurts!",
  "afterUseItem_1": "Use the first-aid kit as soon as I unplugged the needle. The bleeding is stopped. My hands are free!",
  "afterUseItem_2": "Use the first-aid kit as soon as I unplugged the needle. The bleeding is stopped. My left hand is free!",
  "infusion_1": "The needle is too deep. If I unplug it now, my blood will spout out!",
  "openDoor_1": "The door can not be opened.",
  "seatBottom_1": "Fold up the back seat.",
  "seatBottom_2": "My left hand can reach only a small range. My right hand is handcuffed. I can't touch there.",
  "headRest_1": "My left hand can reach only a small range. My right hand is handcuffed. I can't touch there."
}