{
  "beforeLoad_1": "後席シートを倒した",
  "beforeLoad_2": "左手に点滴針がつけられている、小範囲にしか動けない…痛い！",
  "afterUseItem_1": "針を抜いてすぐに救急バックを使う、これでようやく両手の自由を取り戻した！",
  "afterUseItem_2": "針を抜いてすぐに救急バックを使う、これで左手は自由だ！",
  "infusion_1": "針は深く入っている、直接抜き出せば出血は止められない！",
  "openDoor_1": "ドア…また開けれないか",
  "seatBottom_1": "後席シートを戻した",
  "seatBottom_2": "左手は届けない、右は手錠に止められている",
  "headRest_1": "左手は届けない、右は手錠に止められている"
}