{
  "animate_1": "あれ？スタートボタンは点滅している",
  "afterLoad_1": "USBメモリを挿入した…",
  "afterLoad_2": "なにこれ？",
  "afterUseItem_1": "このUSBメモリは入れるか…バッチリ！",
  "openAux_1": " USBメモリを挿入した",
  "openAux_2": " USBメモリを挿入した、何か起こた？",
  "openAux_3": "マイバンク・キャッシュカード",
  "openAux_4": "マルチ端子のようだ、USB端子もある",
  "openAux_5": "開けてみよう…カードがある",
  "openAux_6": "開けてみよう…端子はこんなにたくさん…"
}