{
  "animate_1": "嗯？车辆启动按钮怎么在闪？",
  "afterLoad_1": "USB装置已经插进去了...",
  "afterLoad_2": "这是个什么东西？",
  "afterUseItem_1": "看看这个USB装置能不能插进去...嘿，正好！",
  "openAux_1": "USB装置已经插进去了",
  "openAux_2": "USB装置已经插进去了，可它起什么作用了呢？",
  "openAux_3": "得到一张小卡片",
  "openAux_4": "这里似乎是个多功能接口，好像还有个USB接口",
  "openAux_5": "扒开看看...呀，这里居然有张小卡片",
  "openAux_6": "扒开看看，有好多接口啊"
}