{
  "animate_1": "Ah? Why is the start button flashing?",
  "afterLoad_1": "The USB device is already plugged in...",
  "afterLoad_2": "What is this on earth?",
  "afterUseItem_1": "Let me see if this USB device could fit the interface...Ha! It fits perfectly!",
  "openAux_1": "The USB device is already plugged in.",
  "openAux_2": "The USB device is already plugged in. But what's it for?",
  "openAux_3": "Get a small card.",
  "openAux_4": "This seems to be a multi-functional interface. It also has an interface for USB device.",
  "openAux_5": "Open it...Ha! There's a card inside!",
  "openAux_6": "Open it. Oh? There are several interfaces."
}