{
  "animate_1": "어라? 자동차 시동 버튼이 왜 깜빡거리지?",
  "afterLoad_1": "USB 설비를 꼽았습니다…",
  "afterLoad_2": "이건 무엇이지?",
  "afterUseItem_1": "이 USB 설비가 들어가나 한번 해봅니다…하, 딱 맞아떨어집니다!",
  "openAux_1": "USB 설비를 이미 꼽았습니다",
  "openAux_2": " USB 설비를 이미 꼽았습니다. 어떤 작용이 있을가요?",
  "openAux_3": "작은 카드를 얻었습니다",
  "openAux_4": "이건 멀티기능 포트인 것 같은데, USB 포트도 있습니다",
  "openAux_5": "열어 봅니다…아, 여기에 작은 카드가 있습니다",
  "openAux_6": "열어 봅니다. 각 종 포트가 있습니다"
}