{
  "handleSwipeFrom_1": "서랍을 열어보세요...어라? 안에 무엇이지?",
  "handleSwipeFrom_2": "서랍을 열어보세요...어라? 안에 무엇이지?",
  "handleSwipeFrom_3": "서랍을 열어보세요...안에 아무것도 없습니다",
  "handleSwipeFrom_4": "서랍을 닫습니다",
  "open_1": "이상한 제어기를 하나 얻었습니다",
  "open_2": "수상한 백지 한장을 얻었습니다",
  "open_3": "안에 아무것도 없습니다... (손가락으로 밀어 서랍을 닫으세요)",
  "open_4": "여기에 서랍이 있습니다... (손가락으로 밀어 서랍을 여세요)"
}