{
  "handleSwipeFrom_1": "引出を引いてみて...うん？中のは何だ？",
  "handleSwipeFrom_2": "引出を引いてみて...うん？中のは何だ？",
  "handleSwipeFrom_3": "引出を引いてみて...中に何もない",
  "handleSwipeFrom_4": "引出をしまう",
  "open_1": "変なコントローラーを入手した",
  "open_2": "一枚変な白い紙を入手した",
  "open_3": "中にもう何もない... (指でスライドして、引出しをしまう)",
  "open_4": "引出しの様だ... (指でスライドして、引出しを開ける)"
}