{
  "askTwice_1": "小华！你丫别玩我了，赶紧的，快点告诉我怎么开密码箱！",
  "askTwice_2": "(小华：你试了所有密码都打不开？)",
  "askTwice_3": "对！从000到999所有密码都打不开！",
  "askTwice_4": "(小华：哎呦，碰到个顽固货色...好吧，你试试这招，不一定行，我也是听海关的朋友说的)",
  "askTwice_5": "(小华：你找个圆珠笔，捅进箱子的拉链里，然后一滑，拉链就开了)",
  "askTwice_6": "可是我没有圆珠笔啊...",
  "askTwice_7": "(小华：可能别的笔也行吧...哥们，发挥你的聪明才智，我相信你一定能打开！)",
  "askTwice_8": "靠，说了一堆跟没说一个样，我自己再研究研究吧",
  "afterLoad_1": "不行，这么试下去不是办法，再给小华打个电话问问",
  "afterLoad_2": "还是给小华打个电话问问吧，小华也许知道怎么开这种密码箱",
  "click_1": "小华！我发现了一个带密码的行李箱，怎么都打不开！快告诉我怎么打开它！",
  "click_2": "(小华：笨啦，你从000到999把密码都试一遍不就得了，花不了多少时间啦~)",
  "click_3": "你妹！你这算什么好方法！算了，我自己再去试试..."
}