{
  "askTwice_1": "Howard！私をからかってないで、速く、開ける方法を教えて！",
  "askTwice_2": "(Howard：すべてのパスワードを試して駄目？)",
  "askTwice_3": "そう！000から999まで、全部駄目！",
  "askTwice_4": "(Howard：お、頑固なものだね...分かった、これをやってみて、絶対ではないが、私も税関の友人から聞いた方法だ)",
  "askTwice_5": "(Howard：君はボールペンを探して、トランクに挿し込んで、そして、引っ張って、ジッパーが開かれる)",
  "askTwice_6": "しかし、ボールペンがないよ...",
  "askTwice_7": "(Howard：多分他のペンもできるだろう...兄ちゃん、ちょっとあなたの知恵を使って、絶対開けると信じるよ！)",
  "askTwice_8": "くそ、ぜんぜん役に立つものを言っていない、自分で試すか",
  "afterLoad_1": "駄目だ、このよう試し続けるのは駄目だ。もう一度Howardに電話をかける",
  "afterLoad_2": "Howardに電話をかけてみよう。彼はこのコード箱を開ける方法を知っているかもしれない",
  "click_1": "Howard！私はパスワード付きのトランクを見つけたが、開けられないんだ！速く開ける方法を教えて！",
  "click_2": "(Howard：アホ、000から999まで全部試してやればいいじゃない、あんまり時間がかかられないから~)",
  "click_3": "馬鹿！これはどこがいい方法だ？いいよ、自分で試す..."
}