{
  "askTwice_1": "Howard! Stop playing with me! Come on, tell me the real way of hacking the coded lock.",
  "askTwice_2": "(Howard: Have you tried every combination? No one worked?)",
  "askTwice_3": "No! No combination worked! Everyone of them, from 000 to 999!",
  "askTwice_4": "(Howard: Eh, it's a tough lock...Okay, you try this way. I can't ensure you it would work but I heard this way from a customs officer.)",
  "askTwice_5": "(Howard: Get a pen. Use the nib of the pen and stab into the zip. Then the zip will open!)",
  "askTwice_6": "But I don't have a pen...",
  "askTwice_7": "(Howard: Maybe others will work as well? I don't know. Bro, I believe you'll make it!",
  "askTwice_8": "Alas. Nothing you said really helps me...I'll think it over.",
  "afterLoad_1": "Keep trying to guess the password definitely is not a good idea. I'd better call Howard again.",
  "afterLoad_2": "I should call Howard. Maybe he knows how to hack this kind of lock.",
  "click_1": "Howard! I found a luggage. It's locked by a coded lock. I can't unlock it. Tell me how to hack it!",
  "click_2": "(Howard: Fool. Just try every combination from 000 to 999. Haha. It won't take you too long~)",
  "click_3": "Shit! What kind of hack is that! Never mind. I'll try it myself."
}