{
  "askTwice_1": "Howard! 놀리지 말고, 빨리 어떻게 여는지 알려줘!",
  "askTwice_2": "(Howard：모든 비밀번호를 다 해봤는데 안 열려?)",
  "askTwice_3": "그래! 000부터 999까지 다 안 열려!",
  "askTwice_4": "(Howard：아이고, 완고한 녀석을 봤나...알았어. 그럼 이 방법을 한번 해봐. 될지는 모르겠지만 나도 해관에 있는 친구한테서 들은거야)",
  "askTwice_5": "(Howard：원주필 하나로 가방의 지퍼에 집어넣고 밀면 지퍼가 열려)",
  "askTwice_6": "근데 원주필이 없는데...",
  "askTwice_7": "(Howard：다른 필이라도 돼...이봐, 너의 총명함을 발휘해, 꼭 열 수 있을거라 믿어!)",
  "askTwice_8": "씨, 말하나 마나잖아. 나 절로 연구해볼게",
  "afterLoad_1": "안돼. 이렇게 해봤자 소용없어. 다시Howard에게 전화를 해보세요",
  "afterLoad_2": "Howard에게 전화를 해보세요. Howard가 이러한 비밀번호가 달린 여행가방을 어떻게 여는지 알 수 있을 가능성이 있습니다",
  "click_1": "Howard! 비밀번호가 달린 여행가방을 하나 발견했는데 열리지가 않아! 빨리 어떻게 여는지 알려줘!",
  "click_2": "(Howard：이런 멍충아. 000부터 999까지 다 해보면 되잖아. 얼마 시간이 안 걸려~~)",
  "click_3": "죽을래! 무슨 방법이 이래! 됐어, 나 절로 해볼게..."
}