{
  "progress_1": "コンソールボックスを開けて、アイテムを手に入れる",
  "progress_2": "手錠にゼムクリップを使う",
  "progress_3": "後席のチャイルドシートアンカーカバーを開いて、アイテムを手に入れる",
  "progress_4": "リヤパーセル？？をチェックして非常ランプを使ってツマミが発見、動かしてみよう",
  "progress_5": "シートを倒してトランクに入って、非常ランプを使って右側のカバーを開けてみよう",
  "progress_6": "点滴に救急バッグを使って、左手が解放できる",
  "progress_7": "サンルーフを開けば、何かが落ちる",
  "progress_8": "前のカップホルダーからアイテムを手に入れる",
  "progress_9": "運転席ドアの物入れからアイテムを手に入れる",
  "progress_10": "欠損したBMW鍵、細長い金属鍵の順に使えば、完成したBMW鍵を手に入れる。同時に車の電気システムも立ち上がる",
  "progress_11": "ダッシュボード車の鍵を使って、電気システムが立ち上がる",
  "progress_12": "センターコンソールでディスク取り出しボタンを押して、ディスクを手に入れる",
  "progress_13": "ディスクを使って、４桁の数字をセンターコンソールモニターに入力すれば、あるところはアンロックできる",
  "progress_14": "グローブボックスにアイテムを手に入れる",
  "progress_15": "トランクに向かて、小さな青いアイテムを見つける",
  "progress_16": "グローブボックスを開けて、USBメモリを端子に使って、あるところはアンロックできる",
  "progress_17": "センターコンソールを開けて、アイテムを手に入れる",
  "progress_18": "アイアンボックス、アイアンボックス鍵の順に開ける",
  "progress_19": "トランクのロックをチェックして？を使って開ける",
  "progress_20": "助手席ドアの物入れを確認しよう",
  "progress_21": "足に足上がつけられた場合、足錠をクリックして、顕微鏡を使ってパスワードが見える",
  "progress_22": "前席のカップホルダーを確認してみよう",
  "progress_23": "車のリヤの右側の壁にある配電盤をクリックしで開けて、レバーを上げて、とんでもないことが起きてしまう",
  "progress_24": "マルチアイテムボックスを見つけて、中のアイテムを見つける",
  "progress_25": "トイレドアの右側のテーブルにドアの鍵がある。",
  "progress_26": "お手洗いドアを鍵で開けて、ドアの隙間からテロリストがいると確認した",
  "progress_27": "テロリストがいると確認して、車に戻って失神のふりをする。？が来る時、大きな？で？を倒す"
}
