{
  "progress_1": "推开中央扶手，里面有东西",
  "progress_2": "看着手铐使用曲别针",
  "progress_3": "抠开后座儿童座椅接口的盖板，拿到里面的东西",
  "progress_4": "查看后座头枕，使用应急红灯发现机关，扳一下机关有惊喜",
  "progress_5": "座椅翻倒后，爬进后备厢，使用应急红灯发现右边的盖板，打开看看",
  "progress_6": "面对点滴使用急救包，左手就释放出来了，可以去更多的地方探索了",
  "progress_7": "打开天窗，会有东西掉落下来",
  "progress_8": "去前排杯架，得到里面的东西",
  "progress_9": "去驾驶位的车门储物格，得到里面的东西",
  "progress_10": "先使用缺了一截的宝马车钥匙，再使用那把又细又长的金属钥匙，就能得到完整的车钥匙了",
  "progress_11": "去看仪表，使用车钥匙，车就通电了",
  "progress_12": "去中控台，点击弹出光盘按钮，得到光盘",
  "progress_13": "使用光盘，记下光盘上显示的4位数字，去中控台输入这4位数字，某个不能打开的地方就解锁了",
  "progress_14": "去手套箱，拿里面的东西",
  "progress_15": "在通往后备厢的地方留意去拿一个蓝色的小东西",
  "progress_16": "打开手套箱，使用U盘插到USB接口上，某个不能打开的地方就解锁了",
  "progress_17": "打开前座中央扶手，得到里面藏着的东西",
  "progress_18": "使用铁盒，再使用铁盒钥匙，就能打开铁盒了",
  "progress_19": "去仔细观察后备厢的锁扣，使用开锁小工具，后备厢就打开啦！",
  "progress_20": "去翻翻副驾驶位车门储物格看看里面有什么东西没",
  "progress_21": "发现脚被锁住动不了时，点击脚铐仔细观察锁，此时使用显微镜就能看到锁的密码了",
  "progress_22": "去前排杯架里翻翻看有没有什么东西",
  "progress_23": "来到车外后点击车尾右边墙上的电箱，打开电箱盖，推上电闸，神奇的事情就会发生",
  "progress_24": "找到多层工具箱，在多层工具箱里翻翻看有没有什么有用的东西",
  "progress_25": "在洗手间门右侧的桌子上插着一把钥匙，用它可以打开洗手间的门",
  "progress_26": "到厕所门前，使用钥匙打开厕所门，轻推厕所门，透过门缝，得知坏人在上大号",
  "progress_27": "发现坏人在厕所内上大号，立刻一路后退至车内，假装自己还没醒，等坏人来查看自己情况时使用大扳手出其不意击晕坏人"
}
