{
  "progress_1": "Push the armrest. There's a surprise.",
  "progress_2": "Watch your handcuff carefully and then use the paperclip to unlock it.",
  "progress_3": "Flip the black lid of the ISOFIX connector, something's inside.",
  "progress_4": "Check the back seat headrest. Use the red lamp to find a special switch. Pull the switch, good thing happens.",
  "progress_5": "After the back seat is flipped, go into the trunk, and use the red lamp to find the toolbox on your right. Open it.",
  "progress_6": "Face the drip and use the first-aid kit. Your left hand will be released, then you can explore anywhere.",
  "progress_7": "Open the sunroof, you will hear something dropped. Find where it droped.",
  "progress_8": "Go to the front cup holder, something's inside",
  "progress_9": "Check the driver's door storage slot, get the stuff inside.",
  "progress_10": "First use the BMW car key with some part missing, and then use the weird key, combine them together. You'll get the complete car key.",
  "progress_11": "Go to the dashboard. Use the BMW car key. The car will power on.",
  "progress_12": "Go to the central control panel. Eject the disc out.",
  "progress_13": "Use the CD disk, you'll see some numbers. Remember them. Input them on the central control panel. Somewhere will be unlocked.",
  "progress_14": "Open the glove box and take the stuff inside.",
  "progress_15": "While you're facing the trunk and ready to go into it, pay attention to something blue. Get it.",
  "progress_16": "Open the glove box, use the USB memory disk to plug it into the USB connector. Some place will be unlocked.",
  "progress_17": "Open the armrest. Feel free to get anything inside it.",
  "progress_18": "Use the tin, and use the tiny key. It will open.",
  "progress_19": "Check the lock of the trunk, use the pocket-sized gadgets. The trunk will open!",
  "progress_20": "Check the co-driver's door storage slot. Pay attention to something black.",
  "progress_21": "While you can't go anywhere and realized your feet were handcuffed, check out the lock carefully and use the microscope. Then you'll see the password of the lock.",
  "progress_22": "Check the front cup holder, open the ashtray. Something is there.",
  "progress_23": "While you're outside the car and seeing the rear of the car, check out a box on the wall on your far right. open the box. Amazing things will happen.",
  "progress_24": "Check the toolbox nearby the microscope. Find something useful there.",
  "progress_25": "Check the desk on the right of the toilet. Use the stuff to open the toilet door a little. Remember, only a little, not more.",
  "progress_26": "Use the key to the toilet door, open the door only a little and you'll hear someone is in.",
  "progress_27": "Open the toilet door a little and do not open it more. If the door is already opened, just go back into the blue car where you escaped from. Otherwise the bad guy will know you're awake. After waiting for the bad guy to see if you're awake, find a right time to use your wrench to beat him!"
}
