{
  "progress_1": "중앙 콘솔박스를 밀면 안에 물건을 얻을 수 있습니다",
  "progress_2": "수갑을 보고 클립을 사용합니다",
  "progress_3": "뒷좌석 아동의자 포트의 덮개판자를 열어 안에 있는 물건을 얻을 수 있습니다",
  "progress_4": "뒷좌석 머리받침을 보고, 긴급 붉은 등을 사용하여 버튼을 발견한 후 버튼을 누르면 무언가가 있습니다",
  "progress_5": "의자를 뒤로 제친 후 트렁크에 기어가 긴급 붉은 등을 사용하면 오른쪽 덮개판자를 발견하고 그것을 열어보면 됩니다",
  "progress_6": "링거에 응급박스를 사용하면 왼손이 자유로워 집니다. 그러면 더욱 많은 곳을 찾아 다닐 수 있습니다",
  "progress_7": "선루프를 열면 무언가가 떨어집니다",
  "progress_8": "앞 컵 홀더에 가서 안에 있는 물건을 얻을 수 있습니다",
  "progress_9": "운전석의 차문 보관함에 가면 안에 있는 물건을 얻을 수 있습니다",
  "progress_10": "먼저 한 구석이 떨어져 나간 BMW 차열쇠를 사용한 후 길고 가는 금속 열쇠를 사용하면 완정한 BMW 열쇠를 얻을 수 있습니다",
  "progress_11": "차열쇠를 사용하면 차가 시동이 걸립니다",
  "progress_12": "제어판에 가서 CD팝업 버튼을 누르면 CD를 얻을 수 있습니다",
  "progress_13": "CD를 사용하여 CD위에 적힌 4개 숫자를 기억하고 제어판에 이 4개 숫자를 입력하면 열리지 않던 곳이 열립니다",
  "progress_14": "글러브 박스에 가서 안에 있는 물건을 얻습니다",
  "progress_15": "트렁크로 통하는 곳에서 푸른색 작은 물건을 잊지 말고 찾아보세요",
  "progress_16": "글러브 박스를 열고 USB메모리를 사용하여 USB 포트에 꼽으면 열리지 않던 곳이 열립니다",
  "progress_17": "앞 좌석 중앙 콘솔박스를 열면 안에 숨겨진 물건을 얻을 수 있습니다",
  "progress_18": "철박스를 사용한 후 철박스 열쇠를 사용하면 철박스를 열 수 있습니다",
  "progress_19": "트렁크의 자물쇠고리를 자세히 관찰하고 자물쇠를 여는 작은 도구들을 사용하면 트렁크가 열립니다!",
  "progress_20": "조수석 차문 보관함에 무엇이 있나 한번 뒤져보세요",
  "progress_21": "발에 수갑이 차여 움직일 수 없을 때 수갑을 자세히 관찰하고 현미경을 사용하면 수갑에 적힌 비밀번호가 보입니다",
  "progress_22": "앞 좌석 컵홀더에 무엇이 없나 한번 뒤져보세요",
  "progress_23": "차밖에 나와 차 뒤 오른쪽 벽의 전함을 클릭하고 스위치를 올리면 신기한 일이 일어날 것입니다",
  "progress_24": "여러층으로 된 도구박스를 찾고 그 안에 무엇이 없는지 한번 찾아보세요",
  "progress_25": "화장실 오른쪽의 책상에 열쇠가 하나 있는데 그것으로 화장실 문을 열 수 있습니다",
  "progress_26": "화장실 앞에 와서 열쇠로 화장실 문을 연 후 천천히 화장실 문을 열면 틈 사이로 나쁜 사람이 일을 보고 있는 것을 발견할 수 있습니다",
  "progress_27": "나쁜 사람이 일을 보고 있는 것을 발견한 후 뒤돌아 차안으로 가서 깨어나지 않은척 하고, 나쁜 사람이 상황을 보러 올 때 큰 스패너로 나쁜 사람을 쓰러뜨립니다"
}
