{
  "beforeLoad_1": "Chapter Clear! Congratulations!",
  "beforeLoad_2": "Consuming Time：",
  "beforeLoad_3": "Have fun? Don't forget to give us 5 rating stars!",
  "beforeLoad_4": "The Car - Electric Scooter",
  "beforeLoad_5": "Actress - Hu, Yongping",
  "beforeLoad_6": "Follow-Up",
  "beforeLoad_7": "(For more information, please continue to play Chapter 9!)",
  "beforeLoad_8": "(Hint: It's late night. We appreciate you enjoying the game but please take care of yourself.)",
  "followUpStory_1": "Finally I know where Mike is taken to",
  "followUpStory_2": "After searching where Love Hotel is",
  "followUpStory_3": "I am on my way to it..."
}
