{
  "beforeLoad_1": "クリアおめでとうございます！",
  "beforeLoad_2": "クリア時間：",
  "beforeLoad_3": "面白かった？五つ星の評価はよろしく頼むよ",
  "beforeLoad_4": "本章に登場する車両 ― 電動自転車",
  "beforeLoad_5": "特別出演 - Hu, Yongping",
  "beforeLoad_6": "事件の後に",
  "beforeLoad_7": "(一体どんな事件に陥ったのか...引き続いてチャプター9をお楽しみに)",
  "beforeLoad_8": "(チャプターをクリアする度に少し休もう、健康を大切にしてね~)",
  "followUpStory_1": "苦労して、やっとMikeの行方を分かった",
  "followUpStory_2": "速くLove Hotelの詳しい場所を探そう",
  "followUpStory_3": "こうして、私はLove Hotelへ行く道にて疾走した"
}
