{
  "beforeLoad_1": "축하합니다, 통과하였습니다!",
  "beforeLoad_2": "이번 통관 사용시간: ",
  "beforeLoad_3": "재밌었나요? 5개 별 평가를 해주세요!",
  "beforeLoad_4": "이번 장절 출현차량 - 전기 자전거",
  "beforeLoad_5": "특별출연 - Hu, Yongping",
  "beforeLoad_6": "사건 후속",
  "beforeLoad_7": "(상세한 내용은 제9장에서!)",
  "beforeLoad_8": "(안내사항:밤이 깊어졌으니, 놀면서 건강도 챙겨야 합니다!)",
  "followUpStory_1": "고생끝에, 드디어 Mike의 행방을 알게 되었습니다",
  "followUpStory_2": "Love Hotel의 구체적인 위치를 빨리 검색하세요",
  "followUpStory_3": "이렇게, 저는Love Hotel로 향하는 길에 나섰습니다..."
}
