{
  "beforeLoad_1": "恭喜您通关！",
  "beforeLoad_2": "本次通关耗时：",
  "beforeLoad_3": "玩的开心吗？去给我们5星级评价吧！",
  "beforeLoad_4": "本章出场车辆 - 爱玛电动自行车",
  "beforeLoad_5": "友情出演 - 胡永平",
  "beforeLoad_6": "事情后续",
  "beforeLoad_7": "欲知详情，请继续玩第九章！",
  "beforeLoad_8": "(友情提醒：天色已晚，玩归玩，要注意身体哦！)",
  "followUpStory_1": "费尽周折，终于得知小明的下落",
  "followUpStory_2": "赶快搜索到Love Hotel的具体位置",
  "followUpStory_3": "就这样，我驰骋在了赶往Love Hotel的路上..."
}
