{
  "afterLoad_1": "여기에 보관함이 몇개 있습니다",
  "openTopLeft_1": "iPhone 충전기를 얻었습니다",
  "openTopLeft_2": "닫습니다",
  "openTopLeft_3": "열어봅니다…어라? 안에 무언가가 있습니다",
  "openTopLeft_4": "열어봅니다…어라? 아무것도 없습니다",
  "openTopRight_1": "닫습니다",
  "openTopRight_2": "열어봅니다…비어 있습니다",
  "openDown_1": "닫습니다",
  "openDown_2": "열어봅니다…아무것도 없습니다"
}