{
  "beforeLoad_1": "クリアおめでとうございます！",
  "beforeLoad_2": "クリア時間：",
  "beforeLoad_3": "面白かった？五つ星の評価はよろしく頼むよ",
  "beforeLoad_4": "この章での登場車 - Volkswagen CC",
  "beforeLoad_5": "特別出演 - Hu, Yongping",
  "beforeLoad_6": "事件の後に",
  "beforeLoad_7": "一体どんな事件に陥ったのか...引き続いてチャプター2をお楽しみに",
  "beforeLoad_8": "(チャプターをクリアする度に少し休もう、健康を大切にしてね~)"
}