{
  "click_1": "아이고, 폭탄을 드디어 제거하였습니다. 이때가 아니면 언제 도망가겠습니까, 빨리 도망가세요!",
  "click_2": "하지만 이 야밤에 아무것도 보이지 않는데 어디로 도망을 가지…",
  "click_3": "다행이도 여기는 황량한 교외가 아니기에, 도시에서 어떻게든 도움을 청할 수 있을 것입니다",
  "click_4": "한참을 걸어, 저도 모르게 캄캄한 골목에 들어섰습니다",
  "click_5": "뒤에 길은 모두 가봤고, 앞에 길은 무섭고, 이 골목을 도대체 들어가야 하나 말아야 하나",
  "click_6": "모르겠다, 눈 딱 감고 들어가봐야지, 아니면 다른 곳으로 갈데도 없잖아",
  "click_7": "아무런 방법도 없어 보이다가도 다시 희망이 보인다고 골목 안에 파출소가 있습니다!",
  "click_8": "드디어 구세주를 만났습니다! 그렁그렁! 빨리 들어가서 신고해야지…",
  "click_9": "사건의 전말을 상세하게 경찰한테 이야기 한 후, 경찰은 입안하였습니다",
  "click_10": "경찰은 나보고 무서워하지 말라고 하고 그냥 교외에 도둑놈들이라고 하였습니다",
  "click_11": "나는 속으로 보통 교외 도둑놈들이 자동차에 폭탄을 설치할 정도로 고단수를 쓸리가 없는데 이 일은 절대 간단한 일이 아닐거라고 생각했습니다",
  "click_12": "그렇게, 날이 밝아질 무렵에 경찰의 도움으로 집에 도착했습니다. 하지만Mike는 어디 갔을까? 정말 걱정됩니다",
  "click_13": "보름이 지나고 경찰은 폭탄과Mike실종을 조사함에 있어 아무런 진전도 없었습니다",
  "click_14": "고민하고 있다가 갑자기 나를 도와줄 수 있는 누군가가 떠올랐습니다!"
}