{
  "click_1": "哎呀妈呀，炸弹可算解除了，赶紧跑吧，此时不跑更待何时啊！",
  "click_2": "可是这大半夜的，哪都看不清，我往哪跑啊...",
  "click_3": "好在这里已经不是荒山野岭了，在城市里总归能找到帮助吧",
  "click_4": "走啊走，不知不觉拐进了一个黑暗的胡同",
  "click_5": "后面的路都走过了，前面的路又这么恐怖，这胡同我是进还是不进啊",
  "click_6": "算了，硬着头皮进去吧，不然也没别的地方可去了",
  "click_7": "真是山穷水尽疑无路，柳暗花明又一村！没想到胡同里面居然有个派出所！",
  "click_8": "终于看到救星了啊！两眼泪汪汪啊！赶紧进去报案...",
  "click_9": "把事情的前后经过仔仔细细都跟警察说过后，警察立了案",
  "click_10": "警察安抚我不用害怕，就是郊外打劫而已",
  "click_11": "我想，一般的郊外打劫不会给车安炸弹这么高端，这事绝没有这么简单",
  "click_12": "就这样，天亮之时我在警察的帮助下回了家。可小明去哪了呢？我十分担心",
  "click_13": "半个月过去了，警察对车里炸弹和小明失踪的调查依然毫无进展",
  "click_14": "正在发愁时，我突然想起，咦？有个人也许可以帮到我！"
}