{
  "click_1": "Thanks to God, the bomb is deactived. This is the right time to run! Escape the car!",
  "click_2": "But, it's too dark and it's a strange city to me. Where should I go?",
  "click_3": "At least the good news is it's not wild here. You can always find some help in a city.",
  "click_4": "Walking and walking. Unwittingly, I walked into a dark alley.",
  "click_5": "It's a little terrible there. Should I go into it or just take the way back?",
  "click_6": "No. I will definitely not go back to that bomb car. Go ahead!",
  "click_7": "Wow! It's not terrible at all! I really didn't expect there's a police station!",
  "click_8": "Finally I get rescued! Go find some policeman...",
  "click_9": "After I told the police all the story, the policeman started a case.",
  "click_10": "Policeman comforted me I'm safe and it's only just a countryside robbery.",
  "click_11": "But I can't agree with that. A countryside robbery with a bomb planted on a BMW? No way it's just that simple.",
  "click_12": "Anyway, I went back home under the policeman's protection. But where's Mike? I'm very worried.",
  "click_13": "Two weeks later, the police investigation is still no progress.",
  "click_14": "I can't wait just for the police! I know someone, who may be able to help me find out where Mike is."
}