{
  "click_1": "なんとか爆弾を解除した、早く逃げないと！",
  "click_2": "しかし真っ暗の夜中では、どこに…",
  "click_3": "幸いなのはもう誰もいない野外じゃない、街中ではなんとかなるのだろう",
  "click_4": "事件の経緯を考えながら歩いてきた、気づいていないうちに暗い路地裏に入った",
  "click_5": "ここはどこ…",
  "click_6": "まあ~どうせ道迷っているから、進もう~",
  "click_7": "あれっ？警察署だ！",
  "click_8": "助けてくれ！！",
  "click_9": "警察に事件の経緯を訴えた",
  "click_10": "もう大丈夫だ、車上狙いだ、と警察が軽く言った",
  "click_11": "シャジョウネライ？爆弾が仕掛けられるまで？そんなわけねぇだろう！！",
  "click_12": "まあとにかくパトカーで帰った…ところでMikeのやつはどこに行っているのだろう…心配だ",
  "click_13": "あっという間に、半ヶ月がすぎた、警察は爆弾と行方不明のMikeに対する捜査は頓挫しているらしい",
  "click_14": "どうしようもない中に急にひらめきが来た、彼は助けてくれるかも！"
}