{
  "handleSwipeFrom_1": "拿开纸巾...",
  "handleSwipeFrom_2": "哇！“一张什么都没写的纸”上居然浮现出了隐藏的文字！",
  "handleSwipeFrom_3": "拿开纸巾...什么都没有发生，还是“一张什么都没写的纸”，唉",
  "handleSwipeFrom_4": "用纸巾擦一擦",
  "handleSwipeFrom_5": "用纸巾擦一擦",
  "afterLoad_1": "“一张什么都没写的纸”上浮现了神秘的文字...什么意思呢？想不通...",
  "afterLoad_2": "“一张什么都没写的纸”，上面什么内容都没有，却又被塑封起来，一定有可疑！",
  "afterUseItem_1": "纸巾沾过喷雾器喷出来的神秘气体了，再擦一擦试试看",
  "afterUseItem_2": "用纸巾擦一擦试试看",
  "click_1": "用纸巾擦一擦看看 (滑动手指，擦拭“一张什么都没写的纸”)",
  "click_2": "这些字是什么意思呢？",
  "click_3": "“一张什么都没写的纸”，上面什么内容都没有，却又被塑封起来，一定有可疑！"
}
