{
  "handleSwipeFrom_1": "Take away the tissue...",
  "handleSwipeFrom_2": "Wow! Some hidden words are shown on the paper!",
  "handleSwipeFrom_3": "Take away the tissue...Nothing happened. Still a piece of blank paper. Alas.",
  "handleSwipeFrom_4": "Use the tissue to wipe the paper.",
  "handleSwipeFrom_5": "Use the tissue to wipe the paper.",
  "afterLoad_1": "The paper shows some mysterious words...What would that mean?",
  "afterLoad_2": "A blank piece of paper, no words no letters. But it's sealed. Very suspicious.",
  "afterUseItem_1": "The tissue has already absorbed the magic sprayed air. Use it to wipe the paper.",
  "afterUseItem_2": "Use the tissue to wipe the paper.",
  "click_1": "Wipe the paper. (Try swiping finger)",
  "click_2": "What would those words mean?",
  "click_3": "A blank piece of paper, no words no letters. But it's sealed. Very suspicious."
}