{
  "handleSwipeFrom_1": "휴지를 치워보세요...",
  "handleSwipeFrom_2": "와! 백지에 숨겨졌던 문구가 나타났습니다!",
  "handleSwipeFrom_3": "휴지를 치워보세요...아무런 변화도 없는 여전히 백지 한 장입니다. 휴",
  "handleSwipeFrom_4": "휴지로 닦아보세요",
  "handleSwipeFrom_5": "휴지로 닦아보세요",
  "afterLoad_1": "백지에 신기한 문구가 나타났습니다...무슨 뜻이지? 모르겠습니다...",
  "afterLoad_2": "백지 한 장. 위에 아무 내용도 없는데 플라스틱으로 봉하였습니다. 의심스럽습니다!",
  "afterUseItem_1": "휴지에 분무기에서 분무한 신비한 기체가 묻었습니다. 다시 닦아보세요",
  "afterUseItem_2": "휴지로 닦아보세요",
  "click_1": "휴지로 닦아보세요 (손가락으로 밀어 백지를 닦으세요)",
  "click_2": "이 문구는 무슨 뜻이지?",
  "click_3": "백지 한 장. 위에 아무 내용도 없는데 플라스틱으로 봉하였습니다. 의심스럽습니다!"
}