{
  "handleSwipeFrom_1": "ティッシュを外して...",
  "handleSwipeFrom_2": "わぁ！白い紙に隠された文字が現れた！",
  "handleSwipeFrom_3": "ティッシュを外して...なにも発生しなかった。ただの白い紙だ、え",
  "handleSwipeFrom_4": "ティッシュで拭いてみる",
  "handleSwipeFrom_5": "ティッシュで拭いてみる",
  "afterLoad_1": "白い紙に謎の文字が現れた...どういう意味？分からない...",
  "afterLoad_2": "一枚の白い紙だ。上に何もないが、プラスチックで閉じ込まれた。絶対怪しい！",
  "afterUseItem_1": "ティッシュに噴霧器から出された神秘なガスをつけ、もう一度拭いてみる",
  "afterUseItem_2": "ティッシュで拭いてみる",
  "click_1": "ティッシュで拭いてみる (指でスライドして、白い紙を拭く)",
  "click_2": "これらの数字はどういう意味なのか？",
  "click_3": "一枚の白い紙だ。上に何もないが、プラスチックで閉じ込まれた。絶対怪しい！"
}