{
  "can_not_open" : "開けられない、ロックされているようだ",
  "meter_mean" : "えん？これは何だ",
  "afterUseItem_1": "デジタルメーターはここに使えそうだ、でもどちらは先だろう？",
  "afterUseItem_2": "デジタルメーターを使って、左側の数字が見えた",
  "afterUseItem_3": "デジタルメーターを使って、右側の数字が見えた",
  "open_1": "灰皿を閉めた",
  "open_2": "USBメモリを手に入れた",
  "open_3": "灰皿を開けてみよう、何もない",
  "open_4": "灰皿を開けてみよう、何かある",
  "power_1": "プラグを抜いてみよう…12V電源2基だ",
  "power_2": "この2つの黒いのは何のためのものだろう"
}
