{
  "can_not_open" : "It's locked and can't be opened.",
  "meter_mean" : "Huh? What's this?",
  "afterUseItem_1": "Looks like the digital meter can get its 12V power from here. But which side should I use?",
  "afterUseItem_2": "Use the digital meter...Ah! There's the number on the left.",
  "afterUseItem_3": "Use the digital meter...Ah! There's the number on the right.",
  "open_1": "Closed the ash box.",
  "open_2": "Get a USB memory stick.",
  "open_3": "Open the ash box...Empty.",
  "open_4": "Open the ash box...Wow! Something's there!",
  "power_1": "Remove the two black plugs. They turned out to be the 12V power connectors.",
  "power_2": "What're the two black things to do?"
}
