{
  "can_not_open" : "打不开，好像上锁了",
  "meter_mean" : "嗯？这什么东西？",
  "afterUseItem_1": "看起来这个仪表可以插到这里来使用，可是我该先插哪边呢？",
  "afterUseItem_2": "插入数字仪表，左边有数字显示出来了",
  "afterUseItem_3": "插入数字仪表，右边有数字显示出来了",
  "open_1": "关上了烟灰盒",
  "open_2": "得到了一个U盘",
  "open_3": "打开烟灰盒，里面没东西了",
  "open_4": "打开烟灰盒，里面居然有东西！",
  "power_1": "拔下两个黑色塞子，里面原来是两个12V电源接口",
  "power_2": "这两个黑东西不知道是干什么用的"
}
