{
  "can_not_open" : "열리지 않는데, 잠겨져 있는 것 같습니다",
  "meter_mean" : "어? 이건 뭐지?",
  "afterUseItem_1": "이 계기를 여기에 꼽아 사용할 수 있는 것 같은데, 먼저 어디에 꼽아야 하지?",
  "afterUseItem_2": "디지털계기를 꼽으니, 왼쪽에 수자가 나타납니다",
  "afterUseItem_3": "디지털계기를 꼽으니, 오른쪽에 수자가 나타납니다",
  "open_1": "재떨이박스를 닫습니다",
  "open_2": "USB메모리 하나를 얻었습니다",
  "open_3": "재떨이박스를 열었습니다. 안에 아무것도 없습니다",
  "open_4": "재떨이박스를 열었습니다. 안에 무언가가 있습니다!",
  "power_1": "두개의 검은색 마개를 뽑아보니, 안에는 두개 12V 전원 포트가 있었습니다",
  "power_2": "이 두개 검은 물건은 어디에 쓰이는 것인지 모르겠습니다"
}
