{
  "tankOpen_1": "油箱盖打开了",
  "tankOpen_2": "油箱盖合上了",
  "afterUseItem_1": "哎？对耶，可以用这个吸盘试试，看看能不能把油箱盖给掰开",
  "open_1": "(滑动手指，掰开油箱盖)",
  "open_2": "把吸盘固定好...",
  "open_3": "油箱盖紧闭，打不开",
  "open_4": "得到这部车的车钥匙，真没想到坏人会把他的车钥匙藏在这里...",
  "open_5": "这里没有东西了",
  "open_6": "(滑动手指，掰开油箱盖)",
  "close_1": "(滑动手指，关上油箱盖)",
  "openDelay_1": "哈哈！油箱盖打开了！咦？那里面是个什么东西？"
}