{
  "tankOpen_1": "오일탱크 덮개를 열었습니다",
  "tankOpen_2": "오일탱크 덮개를 닫았습니다",
  "afterUseItem_1": "아? 맞다. 이 흡반으로 오일탱크 덮개를 열 수 있는지 한번 해봐야지",
  "open_1": "(손가락을 밀어 오일탱크 덮개를 열어보세요)",
  "open_2": "흡반을 고정합니다...",
  "open_3": "오일탱크 덮개가 닫혀져 열리지 않습니다",
  "open_4": "이 차의 열쇠를 얻었습니다. 나쁜 사람들이 그의 차 열쇠를 이 곳에 숨겨놓을 줄이야...",
  "open_5": "여기에 아무것도 없습니다",
  "open_6": "(손가락을 밀어 오일탱크 덮개를 열어보세요)",
  "close_1": "(손가락을 미러, 오일탱크 덮개를 닫으세요)",
  "openDelay_1": "하하! 오일탱크 덮개를 열었습니다! 어? 이 안에 무엇이지?"
}