{
  "tankOpen_1": "Tank lid opened.",
  "tankOpen_2": "Tank lid closed.",
  "afterUseItem_1": "Right! Maybe I can use the vacuum hook to pull up the tank lid.",
  "open_1": "(Try swiping finger)",
  "open_2": "Stabilize the hook...",
  "open_3": "Tank lid closed and locked. Can't open.",
  "open_4": "Get the car key. It's unbelievable that the bad guys keep their spare key in the tank.",
  "open_5": "Nothing any more.",
  "open_6": "(Try swiping finger)",
  "close_1": "(Try swiping finger)",
  "openDelay_1": "Haha! Tank lid opened! Huh? What's that inside?"
}