{
  "tankOpen_1": "燃料タンクのキャップが開けられた",
  "tankOpen_2": "燃料タンクのキャップが閉まられた",
  "afterUseItem_1": "そうだ、この吸盤で燃料タンクのキャップを開けてみて",
  "open_1": "（指でスライドして、燃料タンクのキャップを開ける）",
  "open_2": "吸盤を固定する...",
  "open_3": "燃料タンクのキャップが閉まられて、開かない",
  "open_4": "この車の鍵をもらう。悪者は彼の鍵はここに隠すのは考えられない...",
  "open_5": "ここにもう何もない",
  "open_6": "（指でスライドして、燃料タンクのキャップを開ける）",
  "close_1": "（指でスライドして、燃料タンクのキャップを閉める）",
  "openDelay_1": "はは！燃料タンクのキャップが開けられた！え？中に何かがある"
}