{
  "boxOpen_1": "첫번 째 층을 열었습니다. 몇 개 도구가 있는데 쓸모있는 것이 없습니다",
  "boxOpen_2": "두번 째 층을 열었습니다. 몇 개 도구가 있는데 쓸모있는 것이 없습니다 ",
  "boxOpen_3": " 세번 째 층을 열었습니다. 몇 개 도구가 있는데 쓸모있는 것이 없습니다 ",
  "boxOpen_4": " 세번 째 층을 열었습니다…어, 이건 쓸모가 있을 것 같습니다",
  "boxOpen_5": " 세번 째 층을 열었습니다. 몇 개 도구가 있는데 쓸모있는 것이 없습니다 ",
  "boxOpen_6": "큰 스패너 하나를 얻었습니다",
  "boxOpen_7": "궤짝을 닫았습니다",
  "boxOpen_8": "궤짝을 닫았습니다",
  "boxOpen_9": "궤짝을 닫았습니다"
}