{
  "boxOpen_1": "1段目は工具ばかり、使えそうなものがない",
  "boxOpen_2": "2段目も工具ばかり、使えそうなものがない",
  "boxOpen_3": "3段目には使えそうなものがない",
  "boxOpen_4": "3段目を開けてみよう…これは使えそうだな",
  "boxOpen_5": "3段目には使えそうなものがない",
  "boxOpen_6": "大きなスパナを手に入れた",
  "boxOpen_7": "棚を閉める",
  "boxOpen_8": "棚を閉める",
  "boxOpen_9": "棚を閉める"
}