{
  "afterLoad_1": "차 시동이 걸렸으니 빨리 차를 몰고 도망을 가야합니다!",
  "click_1": "차에 돌아와 몰고 갑니다!",
  "click_2": "아! 밖에서 순찰하던 나쁜사람이 나의 차를 발견하고 나를 향해 총을 쏩니다!",
  "click_3": "이러다간 벌통처럼 총에 맞을 수 있습니다. 빨리 방법을 찾아야 합니다!",
  "click_4": "순찰하던 나쁜 사람은 해결하였지만, 너무 큰 소리를 내버렸습니다",
  "click_5": "결과 한 무리의 나쁜사람들이 나의 앞을 가로막고 있습니다! 큰일입니다!",
  "click_6": "Let's go!"
}
