{
  "afterLoad_1": "既然车已经发动了，那就赶紧开车跑吧！",
  "click_1": "回到车里，走人！",
  "click_2": "不好！一个在外巡逻的坏人发现了我的车！朝我开枪了！",
  "click_3": "这样下去会被打成筛子的，不行，得赶紧想办法！",
  "click_4": "虽然解决了这个巡逻的坏人，但还是引出了太大的声响",
  "click_5": "结果导致前方突然有一大批坏人正面拦截我！大事不妙！", 
  "click_6": "Let's go!"
}
