{
  "afterLoad_1": "エンジンはかかっている、車を出して逃げるんだ！",
  "click_1": "車に戻って、行くぞ！",
  "click_2": "ヤバい！巡回するテロリストに見つかれた！発砲した！",
  "click_3": "このままじゃ蜂の巣にされてしまう！なんとかしなきゃ！",
  "click_4": "巡回するテロリストを片付けた、しかしほかのテロリストに気づかれた",
  "click_5": "テロリストに囲まれてしまった！",
  "click_6": "Let's go!"
}
