{
  "beforeLoad_1": "축전지를 이미 장착하였습니다",
  "beforeLoad_2": "이 곳은 전기 자전거의 축전지를 장착하는 부분인 것 같습니다",
  "afterUseItem_1": "아, 방석이 일부분의 공간을 점용하여 축전지를 넣을 수 없습니다",
  "afterUseItem_2": "축전지를 넣습니다...오 마이 갓, 이 축전지가 왜 이리도 무겁지...",
  "click_1": "방석을 들어올립니다",
  "click_2": "방석을 내려놓습니다",
  "click_3": "전원을 꼽았으니, 전기자전거에 전기가 통할 것 입니다",
  "click_4": "방석을 내려놓습니다",
  "click_5": "축전지를 이미 장착하였습니다"
}