{
  "beforeLoad_1": "バッテリーは装着済みだ",
  "beforeLoad_2": "ここは電動自転車のバッテリーを入れる場所みたい",
  "afterUseItem_1": "サドルは一部のスペースを遮断した。バッテリーを入れられない",
  "afterUseItem_2": "バッテリーを入れましょう...ああ、このバッテリーは重いぞ...",
  "click_1": "サドルを持ち上げる",
  "click_2": "サドルを元に戻す",
  "click_3": "電源コードを接続して、電動自転車は電流を通したでしょう",
  "click_4": "サドルを元に戻す",
  "click_5": "バッテリーは装着済みだ"
}