{
  "progress_1": "Click the screen until you get the 838 Room card.",
  "progress_2": "Use the room card to open the door.",
  "progress_3": "Use the room card to insert it into the slot. The room will be powered on.",
  "progress_4": "Go to the back of the room.",
  "progress_5": "Swipe finger down to open the drawer. Get the important thing inside it.",
  "progress_6": "Open the cabinet on the right side of the drawer. Something important is there.",
  "progress_7": "Open the right bed lamp.",
  "progress_8": "At the bottom of the right bed lamp there's a port. Use the strange controller and plug it into that port. Hit some buttons on the controller. Then every light in this room will be turned on.",
  "progress_9": "The light of the bathroom is on. Go and search it.",
  "progress_10": "Check the corner of the sofa. Something's there.",
  "progress_11": "Go to the right flowerpot. Something's there.",
  "progress_12": "Go to the left flowerpot. Something's there.",
  "progress_13": "Check the corner of the sofa. Something's there.",
  "progress_14": "Go to the right flowerpot. Something's there.",
  "progress_15": "Go to the left flowerpot. Something's there.",
  "progress_16": "Come to the back of the room from the left way. Search carefully.",
  "progress_17": "Come to the cabinet from the left way. Swipe finger left to open the cabinet door. Get things in it.",
  "progress_18": "Swipe finger left in front of the cabinet. The cabinet door will open. Check the stuff inside it. Swipe finger right or down to remove the cloth. Get the things.",
  "progress_19": "Check the shower. See if something is hidden behind the curtain.",
  "progress_20": "Swipe finger left to open the cabinet door. Swipe finger up or down on the cabinet floor to remove it. Get the hidden stuff under it.",
  "progress_21": "Swipe finger right to open the cabinet door. Get the stuff inside it.",
  "progress_22": "Check the shower. See if something is hidden behind the curtain.",
  "progress_23": "Swipe finger left to open the cabinet door. Swipe finger up or down on the cabinet floor to remove it. Get the hidden stuff under it.",
  "progress_24": "Swipe finger right to open the cabinet door. Get the stuff inside it.",
  "progress_25": "Check the ground power socket in the bathroom. Use the base of the kettle, the kettle, the Mizone bottle, and the 7 Up pop can. Try to boil some water.",
  "progress_26": "Go into the bathroom and check the black mat. Get the stuff under it.",
  "progress_27": "Check the left bedstand and get the stuff on it. Remember to turn on the bed lamp first.",
  "progress_28": "Check the left bedstand and get the stuff on it.",
  "progress_29": "Go into the bathroom and check the black mat. Get the stuff under it.",
  "progress_30": "Check the left bedstand and get the stuff on it. Remember to turn on the bed lamp first.",
  "progress_31": "Check the left bedstand and get the stuff on it.",
  "progress_32": "Go to the mysterious face of the bathtub. Use the cigarette. Then use the match. Put the cigarette into the mouth and something mysterious will happen.",
  "progress_33": "The water is coming out. Go back to the ground power socket and swipe finger up to flip the socket up. Use the base of the kettle, the kettle, Mizone bottle, 7 Up pop can. Try to boil some water.",
  "progress_34": "Boil some water. Check the sink. Use the kettle to pour the hot water into the sink. Something mysterious will happen. Remember to push the plug first.",
  "progress_35": "Swipe finger down to open the drawer. Get the important thing inside it.",
  "progress_36": "Open the cabinet on the right side of the drawer. Something important is there.",
  "progress_37": "Go to the right bedstand and check the controller again. Something good is there.",
  "progress_38": "Go to the right bedstand and get a tissue.",
  "progress_39": "Check the trash besides the toilet. Something important is there.",
  "progress_40": "Open the mysterious spray device. Use the batteries to put them in.",
  "progress_41": "Open the mysterious spray device. Use the spray bottle to put it in.",
  "progress_42": "The spray device is ready to work. Use the tissue and put it upon the device. Let it spray. The tissue will absorb the mysterious sprayed air. It's now a magic tissue. Think what you can do with it.",
  "progress_43": "Use the blank piece of paper. Then use the tissue which absorbed the sprayed air. Swipe finger left and right to wipe the paper. Something will happen.",
  "progress_44": "Boil the water. Check the sink. Use the kettle and pour the hot water into the sink. Something wonderful will happen. Remember push the plug first.",
  "progress_45": "Remove the cover of the toilet tank. Get the special stuff inside the tank.",
  "progress_46": "Go to the tub. Look carefully at the outlet. Use the bath plug and the water level of the tub will be rising. When the level is at its highest, something unbelievable will happen.",
  "progress_47": "Check the shower. See if something is hidden behind the curtain.",
  "progress_48": "Swipe finger up or down to remove the floor of the cabinet. Get the hidden stuff under",
  "progress_49": "Swipe finger right to open the cabinet door. Get the stuff inside it.",
  "progress_50": "Open the left cabinet besides the drawer. Use the Wi-Fi router. Then you'll get Wi-Fi network.",
  "progress_51": "Check the tub screen again and you will find some special letters. Think over what it means and you'll soon succeed!",
  "progress_52": "Swipe finger to adjust the air conditioning switch. Every step must be the same order of the letters shown on the tub screen. You'll succeed soon!",
  "progress_53": "Go to the ground power socket. Flip the socket up. Use the base of the kettle, the kettle, Mizone bottle, and 7 Up pop can. Fill the water to the bottle or the pop can. Click the left or right arrows to exchange the volume of water, until you have the exactly the same number in the kettle as shown in the blank piece of paper. Boil the water in the kettle. Think what you can do with the certain amount of hot water.",
  "progress_54": "在浴缸屏幕的左边输入口令，口令就是镜子上的5位雾气数字，如果数字不记得了，那就再烧一壶开水倒入水池中，让镜子重新起雾吧，记得水量要等于白纸上的数字才行"
}
