{
  "progress_1": "838 방카드를 얻을 때까지 스크린을 클릭하세요",
  "progress_2": "방 카드를 사용하여 방문을 여세요",
  "progress_3": "방 카드를 꼽아 방안에 전기가 통하게 하세요",
  "progress_4": "방의 뒤에 돌아가 한번 찾아보세요",
  "progress_5": "아래로 손가락을 밀어 서랍을 열고 안에 중요한 물건을 얻으세요",
  "progress_6": "서랍 오른쪽에 궤짝을 열고 안에 중요한 물건을 얻으세요",
  "progress_7": "침대 오른쪽의 탁상용 전등을 켜세요",
  "progress_8": "오른쪽의 침대 옆 탁자에 포트가 하나 있는데 제어기를 사용하여 포트를 꼽고 제어기를 한바탕 누르면 방안의 모든 등이 켜집니다",
  "progress_9": "욕실의 등이 이미 켜졌습니다. 들어가서 한번 찾아보세요",
  "progress_10": "소파의 구석을 잘 보고 그곳에 떨어진 물건을 얻으세요",
  "progress_11": "오른쪽의 화분 아래에 가서 떨어진 물건을 얻으세요",
  "progress_12": "왼쪽의 화분 아래에 가서 떨어진 물건을 얻으세요",
  "progress_13": "소파의 구석을 잘 보고 그곳에 떨어진 물건을 얻으세요",
  "progress_14": "오른쪽의 화분 아래에 가서 떨어진 물건을 얻으세요",
  "progress_15": "왼쪽의 화분 아래에 가서 떨어진 물건을 얻으세요",
  "progress_16": "침대의 왼쪽 통로로 방의 뒤에 돌아간 후 자세히 찾아보세요. 무언가가 있을 수 있습니다",
  "progress_17": "침대의 왼쪽 통로로 궤짝앞에 와서 왼쪽으로 손가락을 밀면 궤짝문이 열리는데 안에 중요한 물건들을 얻으세요",
  "progress_18": "궤짝앞에 와서 왼쪽으로 손가락을 밀면 궤짝문이 열리는데 궤짝에 물건을 보고 아래로 혹은 오른쪽으로 손가락을 반복하여 움직여 천을 치우고 안에 중요한 물건을 얻으세요",
  "progress_19": "욕실의 샤워 스위치를 보고 커튼 뒤에 무언가가 숨겨져 있지 않는지를 확인하세요",
  "progress_20": "손가락을 밀어 궤짝문을 열고, 궤짝의 원판을 손가락으로 위로 혹은 아래로 밀어 원판 아래에 숨겨진 물건을 얻으세요",
  "progress_21": "다른 한 쪽의 궤짝 앞에서 오른쪽으로 손가락을 밀어 궤짝을 열고 궤짝안에 숨겨진 물건을 얻으세요",
  "progress_22": "욕실의 샤워 스위치를 보고 커튼 뒤에 무언가가 숨겨져 있지 않는지를 확인하세요",
  "progress_23": "손가락을 밀어 궤짝문을 열고, 궤짝의 원판을 손가락으로 위로 혹은 아래로 밀어 원판 아래에 숨겨진 물건을 얻으세요",
  "progress_24": "다른 한 쪽의 궤짝 앞에서 오른쪽으로 손가락을 밀어 궤짝을 열고 궤짝안에 숨겨진 물건을 얻으세요",
  "progress_25": "욕실의 바닦 스위치에서 위로 순서대로 포트, Mizone병, 7 Up 캔을 사용하여 뜨거운 물을 끓이세요",
  "progress_26": "욕실에 와서 검음 방석을 들어 방석 아래에 있는 물건을 얻으세요",
  "progress_27": "침대 왼쪽의 탁자에서 위에 있는 물건을 얻으세요. 물건을 얻기 전에 먼저 탁상용 전등을 켜는 것을 잊지 마세요",
  "progress_28": "침대 왼쪽의 탁자에서 위에 있는 물건을 얻으세요",
  "progress_29": "욕실에 와서 검음 방석을 들어 방석 아래에 있는 물건을 얻으세요",
  "progress_30": "침대 왼쪽의 탁자에서 위에 있는 물건을 얻으세요. 물건을 얻기 전에 먼저 탁상용 전등을 켜는 것을 잊지 마세요",
  "progress_31": "침대 왼쪽의 탁자에서 위에 있는 물건을 얻으세요",
  "progress_32": "욕조 앞에 있는 이상한 얼굴 앞에서 먼저 담배를 사용하고 다시 성냥을 사용한 후 불이 붙은 담배를 얼굴에 있는 입에 넣으면 신기한 일이 발생합니다",
  "progress_33": "욕조에서 이미 물이 나옵니다. 욕실의 땅에 있는 스위치로 가서 위로 손가락을 밀어 스위치를 켜고, 포트 밑받침, 포트, ,Mizone병, 7 Up 캔을 사용하여 뜨거운 물을 끓이세요",
  "progress_34": "뜨거운 물을 끌히고, 싱크대에서 포트를 사용하여 포트에 있는 뜨거운 물을 싱크대에 부어넣으면 기묘한 일이 생길 것입니다. 붓기 전에 싱크대의 배출구를 막는 것을 잊지 마세요",
  "progress_35": "아래로 손가락을 밀어 서랍을 열고 안에 중요한 물건을 얻으세요",
  "progress_36": "서랍 오른쪽에 궤짝을 열고 안에 중요한 물건을 얻으세요",
  "progress_37": "오른쪽에 침대옆 탁자에 가서 다시 제어기를 자세히 보면 뜻밖에 물건을 얻을 수 있습니다",
  "progress_38": "오른쪽 침대옆 탁자에 가서 휴지 한장을 뽑으세요",
  "progress_39": "변기 옆에 쓰레기통을 보면 안에 중요한 물건이 있습니다",
  "progress_40": "신기한 분무기를 열고 전지를 사용하여 전지를 장착하세요",
  "progress_41": "신기한 분무기를 열고 분무병을 사용하여 병을 장착하세요",
  "progress_42": "분무기가 이미 작동되었습니다. 휴지를 사용하여 그 위에 올려 놓아 휴지가 분출해낸 기체를 흡수하도록 하세요. 휴지가 특수한 마력이 생긴 후 이 휴지로 무엇을 할 지 생각해보세요",
  "progress_43": "백지를 사용하고, 이미 분무기체를 흡수한 휴지를 또 사용하여 왼쪽 오른쪽으로 손가락을 밀면서 휴지가 백지를 닦도록 하세요. 백지에 신기한 일이 발생할 것입니다",
  "progress_44": "뜨거운 물을 끌히고, 싱크대에서 포트를 사용하여 포트에 있는 뜨거운 물을 싱크대에 부어넣으면 기묘한 일이 생길 것입니다. 붓기 전에 싱크대의 배출구를 막는 것을 잊지 마세요",
  "progress_45": "변기의 물탱크 덮개를 열면 안에 특수한 물건을 발견할 수 있습니다",
  "progress_46": "욕조 앞에서 욕조 밑부분의 배출구를 자세히 보고 마개를 사용하여 욕조를 막습니다. 수위가 점점 올라오고 가장 높은 곳까지 올라오면 신기한 일이 발생합니다",
  "progress_47": "욕실의 샤워 스위치를 보고 커튼 뒤에 무언가가 숨겨져 있지 않는지를 확인하세요",
  "progress_48": "손가락으로 밀어 궤짝에 원판을 들고 원판 아래에 숨겨진 물건을 얻으세요",
  "progress_49": "다른 한 쪽의 궤짝 앞에서 오른쪽으로 손가락을 밀어 궤짝을 열고 궤짝안에 숨겨진 물건을 얻으세요",
  "progress_50": "서랍 왼쪽의 궤짝을 열고 라우터를 사용하여 연결시키면 방안에 wifi가 연결됩니다",
  "progress_51": "욕조 스크린을 다시 보면 특수한 문구가 나타나는데 그것이 무슨 뜻인지를 생각해보세요. 거의 성공하고 있습니다!",
  "progress_52": "손가락을 밀어 방 문앞의 에어컨 버튼을 조절하세요. 매번마다 모두 욕조 스크린에 나타난 문자와 순서대로 따라하면 성공할 수 있습니다",
  "progress_53": "욕실의 바닦 스위치에서 위로 밀어 스위치를 튕겨내고, 포트, Mizone병, 7 Up 캔을 사용하고, Mizone병과 캔에 물을 가득 담고 화살 방향에 따라 왼쪽 혹은 오른쪽으로 손가락을 클릭 서로 용량을 바꾸고 포트의 물이 백지에서 나타낸 수치가 될 때까지 교환하세요. 포트의 물이 끓은 후 이 끓은 물로 무엇을 할지 생각해보세요",
  "progress_54": "욕조 스크린의 왼쪽에 암호를 입력하고, 암호는 거울에 나온 5자리 숫자입니다. 숫자가 기억나지 않으면 뜨거운 물을 다시 한번 끓여 거울에 김이 다시 끼게 하세요. 수위가 백지에 수치와 같아야 하는 것을 잊지 마세요"
}
