{
  "progress_1": "838号室のルームカードを入手するまで、画面をクリックする",
  "progress_2": "ルームカードを使って、ドアを開ける",
  "progress_3": "ルームカードを入れて、電気を通す",
  "progress_4": "部屋の後ろに探してみて",
  "progress_5": "下へ指でスライドして、引出を開け、中の貴重品を入手する",
  "progress_6": "引出の右の戸棚を開け、中の貴重品を入手する",
  "progress_7": "ベッド右の電気スタンドをつける",
  "progress_8": "右のベッドサイドキャビネットの下にインターフェースがある。コントローラーを中に挿し込み、コントローラーを適当に弄ると、部屋の全てのライトが付けられる",
  "progress_9": "浴室のライトが付けられた。中を探してみて",
  "progress_10": "ソファの隅をチェックして、落とされたものを入手する",
  "progress_11": "右の植木鉢の所に行って、落とされたものを入手する",
  "progress_12": "左の植木鉢の所に行って、落とされたものを入手する",
  "progress_13": "ソファの隅をチェックして、落とされたものを入手する",
  "progress_14": "右の植木鉢の所に行って、落とされたものを入手する",
  "progress_15": "左の植木鉢の所に行って、落とされたものを入手する",
  "progress_16": "ベッドの左にある通路を通し、部屋の後ろで来て、よく探して、サプライズがあるかもしれない",
  "progress_17": "ベッドの左にある通路を通し、戸棚の前にきて、左へ指でスライドして、戸棚の扉を開き、中の貴重品を入手する",
  "progress_18": "戸棚の前にきて、左へ指でスライドして、戸棚の扉を開き、中のものをチェックする。下また右へ指で繰り返してスライドし、布を持ち上げ、中の貴重品を入手する",
  "progress_19": "浴室のシャワーのスイッチをチェックして、カーテンの後ろに隠されたものをチェックする",
  "progress_20": "指でスライドして、戸棚の扉を開き、戸棚の底の板に向かって、上また下に指でスライドして、板を持ち上げる。中の貴重品を入手する",
  "progress_21": "反対側の戸棚の前で、右へ指でスライドして、戸棚の扉を開き、戸棚に隠されたものを入手する",
  "progress_22": "浴室のシャワーのスイッチをチェックして、カーテンの後ろに隠されたものをチェックする",
  "progress_23": "指でスライドして、戸棚の扉を開き、戸棚の底の板に向かって、上また下に指でスライドして、板を持ち上げる。中の貴重品を入手する",
  "progress_24": "反対側の戸棚の前で、右へ指でスライドして、戸棚の扉を開き、戸棚に隠されたものを入手する",
  "progress_25": "浴室の地面のスイッチの所に来て、スイッチをオンにする。ポット、Mizoneボトル、7 Up缶を使用する。お湯を得る方法を考えて",
  "progress_26": "浴室に入って、黒いマットを持ち上げ、下のものを入手する",
  "progress_27": "ベッドの左側のベッドサイドキャビネットの所に来て、上に置かれたものを入手する。その前に電気スタンドをつけることを忘れないでください",
  "progress_28": "左側のベッドサイドキャビネットの所に来て、上に置かれたものを入手する",
  "progress_29": "浴室に入って、黒いマットを持ち上げ、下のものを入手する",
  "progress_30": "ベッドの左側のベッドサイドキャビネットの所に来て、上に置かれたものを入手する。その前に電気スタンドをつけることを忘れないでください",
  "progress_31": "左側のベッドサイドキャビネットの所に来て、上に置かれたものを入手する",
  "progress_32": "浴槽の謎の顔の前に、まずたばこを使って、そしてはマッチを使う。つけられたたばこを顔の口の奥まで入れれば、奇妙なことが発生する",
  "progress_33": "浴槽は既に水を出している。浴室の地面のスイッチの場所に戻って、上に指でスライドして、スイッチをオンにする。ポットの電源ソケット、ポット、Mizoneボトル、7 Up缶を使用する。お湯を得る方法を考えて",
  "progress_34": "お湯を沸かして、洗面台でポットを使う。水を全部洗面台に注いで、奇妙なことが発生する。注ぐ前にストッパーで排水口を止めることを忘れないで下さい",
  "progress_35": "下へ指でスライドして、引出を開け、中の貴重品を入手する",
  "progress_36": "引出の右の戸棚を開け、中の貴重品を入手する",
  "progress_37": "右のベッドサイドキャビネットの所に来て、コントローラーをチェックして、サプライズがあるかもしれない",
  "progress_38": "右のベッドサイドキャビネットの所に来て、一枚のティッシュを取る",
  "progress_39": "おまる横のごみ箱をチェックして、中に貴重品がある",
  "progress_40": "謎の噴霧装置をオンにする。電池を中に装着する",
  "progress_41": "謎の噴霧装置をオンにする。噴霧ボトルを中に装着する",
  "progress_42": "噴霧装置が動作した。ティッシュをその上に置き、出された神秘なガスを吸収させれば、魔力がつけられたようになる。その使い道を考えて",
  "progress_43": "白い紙を使い、また、ガスを吸収したティッシュを使う。左右に指でスライドして、ティッシュで白い紙を拭けば、奇妙なことが発生する",
  "progress_44": "お湯を沸かして、洗面台でポットを使う。水を全部洗面台に注いで、奇妙なことが発生する。注ぐ前にストッパーで排水口を止めることを忘れないで下さい",
  "progress_45": "おまるの水槽の蓋を持ち上げ、中の特別アイテムを入手する",
  "progress_46": "浴槽の前に来て、そこにある排水口をチェックして、ストッパーを使って、水を止めれば、水位が上がる。最高水位になれば、不思議なことが発生する",
  "progress_47": "浴室のシャワーのスイッチをチェックして、カーテンの後ろに隠されたものをチェックする",
  "progress_48": "指でスライドして、戸棚の底の板を持ち上げ、下に隠されたものを入手する",
  "progress_49": "反対側の戸棚の前で、右へ指でスライドして、戸棚の扉を開き、戸棚に隠されたものを入手する",
  "progress_50": "引出の左の戸棚を開け、ルーターを使えば、WiFiネットワークが繋がる",
  "progress_51": "改めて浴槽のスクリーンをチェックして、特殊な文字が現れるから、その意味を考えて、成功に近づいたぞ",
  "progress_52": "指でスライドして、部屋入口にあるエアコンのつまみを調整する。全ては浴槽の横のスクリーンに現れた文字順序に従えば、成功するぞ",
  "progress_53": "浴室の地面のスイッチの所に来て、スイッチをオンにする。ポット、Mizoneボトル、7 Up缶を使用する。Mizoneボトルと7 Up缶に水を注いで、矢印に従って、左右に指でをクリックして、ポットにある水の量は、白い紙に書かれた数字通りになるまで、容量を交換する。ポットにある水を沸かして、その使い道を考えて下さい",
  "progress_54": "浴槽の左側のスクリーンに、パスワードを入力する。パスワードはミラーに書かれた５桁の数字である。数字を忘れた場合、もう一度お湯を沸かして、洗面台に入れ、ミラーに改めて水煙を覆う。水の量は白い紙に書かれた数字と同じことを忘れないでね"
}
