{
  "progress_1": "点击屏幕，直到获得838房间的房卡为止",
  "progress_2": "使用房卡，打开房间门",
  "progress_3": "插入房卡，使房间通电",
  "progress_4": "绕到房间的后面去探索一番吧",
  "progress_5": "向下滑动手指打开抽屉，得到里面的重要物品",
  "progress_6": "打开抽屉右边的柜子，得到里面的重要物品",
  "progress_7": "打开床右边的台灯",
  "progress_8": "在右边的床头柜下面有个接口，使用控制器，插入接口，对着控制器一通乱点，房间里所有的灯就都会亮了",
  "progress_9": "浴室的灯已经亮了，进去探索一番吧",
  "progress_10": "查看沙发角落，得到遗落在那里的东西",
  "progress_11": "去右边的花盆下，得到遗落在那里的东西",
  "progress_12": "去左边的花盆下，得到遗落在那里的东西",
  "progress_13": "查看沙发角落，得到遗落在那里的东西",
  "progress_14": "去右边的花盆下，得到遗落在那里的东西",
  "progress_15": "去左边的花盆下，得到遗落在那里的东西",
  "progress_16": "从床的左边通道绕到房间后面，仔细探索一番吧，说不定会有意外的发现",
  "progress_17": "从床的左边通道来到柜子前，向左滑动手指，将柜门打开，想办法得到里面的重量级物品",
  "progress_18": "在柜子前向左滑动手指，将柜门打开，查看柜子里的东西，反复向下或向右滑动手指将布揭开，得到里面的重量级物品",
  "progress_19": "查看浴室的淋浴开关，看看浴帘后面有没有藏着什么东西",
  "progress_20": "滑动手指打开柜门，对着柜子的底板向上或向下滑动手指将其掀开，得到藏在底板下面的东西",
  "progress_21": "在另外一边的柜子前向右滑动手指，将柜门打开，得到藏在柜子里的东西",
  "progress_22": "查看浴室的淋浴开关，看看浴帘后面有没有藏着什么东西",
  "progress_23": "滑动手指打开柜门，对着柜子的底板向上或向下滑动手指将其掀开，得到藏在底板下面的东西",
  "progress_24": "在另外一边的柜子前向右滑动手指，将柜门打开，得到藏在柜子里的东西",
  "progress_25": "去浴室的地面开关处，将开关弹开，依次使用水壶、脉动瓶子、7喜易拉罐，想办法烧一壶开水吧",
  "progress_26": "进浴室，掀开黑色垫子，得到垫子下面的东西",
  "progress_27": "来到床左边的床头柜，得到上面的东西。记得拿东西之前先打开台灯",
  "progress_28": "来到床左边的床头柜，得到上面的东西",
  "progress_29": "进浴室，掀开黑色垫子，得到垫子下面的东西",
  "progress_30": "来到床左边的床头柜，得到上面的东西。记得拿东西之前先打开台灯",
  "progress_31": "来到床左边的床头柜，得到上面的东西",
  "progress_32": "去浴缸前的神秘面相处，先使用烟再使用火柴，将点着的烟伸入面相的嘴里，神秘的事情就会发生",
  "progress_33": "浴缸已经出水了，回到浴室的地面开关处，向上滑动手指，将开关弹开，依次使用水壶底座、水壶、脉动瓶子、7喜易拉罐，想办法烧一壶开水吧",
  "progress_34": "烧一壶开水，在水池处使用水壶，将整壶开水倒入水池中，奇妙的事情就会发生。记得倒之前要先将水池的出水口堵住",
  "progress_35": "向下滑动手指打开抽屉，得到里面的重要物品",
  "progress_36": "打开抽屉右边的柜子，得到里面的重要物品",
  "progress_37": "去右边的床头柜，再仔细查看一下控制器，也许会有意外的收获",
  "progress_38": "去右边的床头柜，抽一张纸巾出来",
  "progress_39": "查看马桶旁边的垃圾桶，里面有重要东西",
  "progress_40": "打开神秘的喷雾装置，使用电池，把电池装进去",
  "progress_41": "打开神秘的喷雾装置，使用喷雾瓶子，把瓶子装进去",
  "progress_42": "喷雾装置已经工作了，使用纸巾，把纸巾放在它上面，让纸巾吸收一下它喷出来的气体，纸巾就有了不一样的魔力，想想用这张纸巾能做什么",
  "progress_43": "使用白纸，再使用已经吸收过喷雾气体的纸巾，左右滑动手指让纸巾在白纸上擦拭，白纸就会发生神奇的事情",
  "progress_44": "烧一壶开水，在水池处使用水壶，将整壶开水倒入水池中，奇妙的事情就会发生。记得倒之前要先将水池的出水口堵住",
  "progress_45": "掀开马桶的水箱盖，发现里面的特殊物品",
  "progress_46": "来到浴缸前，仔细查看浴缸底部的出水口，使用塞子，将浴缸堵住，水位就涨起来了，涨到最高位时就会发生不可思议的事情",
  "progress_47": "查看浴室的淋浴开关，看看浴帘后面有没有藏着什么东西",
  "progress_48": "滑动手指，掀开柜子的底板，得到藏在底板下面的东西",
  "progress_49": "在另外一边的柜子前向右滑动手指，将柜门打开，得到藏在柜子里的东西",
  "progress_50": "打开抽屉左边的柜子，使用路由器，将路由器接上去，房间里就有WiFi网络了",
  "progress_51": "重新查看浴缸屏幕，会发现一串特殊的文字，仔细想想它是什么意思，你就快成功了！",
  "progress_52": "滑动手指来调节房间门口的空调旋钮，每一步都严格依照浴缸屏幕上的文字顺序，你就成功了！",
  "progress_53": "去浴室的地面开关处，将开关弹开，依次使用水壶、脉动瓶子、7喜易拉罐，将脉动瓶子和易拉罐加满水，依箭头所示方向点击箭头来交换容量，直到水壶里的水量为白纸上所示的毫升数字。将水壶里的水烧开，想想用这壶开水能做什么",
  "progress_54": "在浴缸屏幕的左边输入口令，口令就是镜子上的5位雾气数字，如果数字不记得了，那就再烧一壶开水倒入水池中，让镜子重新起雾吧，记得水量要等于白纸上的数字才行"
}
