{
  "progress_1": "화장실의 수조 아래에 가서 오른쪽 통수관 아래부분을 보면 눈에 띄지 않는 물건이 있습니다",
  "progress_2": "침대 왼쪽의 탁자 아래에 무언가가 있습니다",
  "progress_3": "책상에 2개 티컵이 있습니다. 벽과 가까운 티컵을 열어 보세요",
  "progress_4": "화장실에 들어가 변기를 찾은 후 변기 덮개를 열어봅니다",
  "progress_5": "침대 오른쪽 탁자에 중요한 물건이 있습니다",
  "progress_6": "화장실에 가서 드라이어를 수조 아래의 소켓에 연결하고 손전등 케이스를 사용하여 드라이어로 젖은 손전등 케이스를 말립니다. 그 다음 손전등 케이스, 전등소켓을 각기 사용하여 조립을 하면 완정한 손전등을 하나 얻을 수 있습니다  ",
  "progress_7": "탁상등의 등갓에 무언가가 있습니다",
  "progress_8": "침대에 베개를 치워보면 아래에 무언가가 깔려있습니다",
  "progress_9": "화장실에 들어가 수건대에 있는 수건을 번져보세요",
  "progress_10": "액자 뒷면은 무언가를 숨기기 좋은 곳입니다",
  "progress_11": "침대 왼쪽의 탁자를 보고 그것을 한쪽으로 밀면 벽에 전화선 포트가 있습니다. 전화선, 전화기 밑받침,  수화기를 순서대로 사용하면 완정한 전화기를 얻을 수 있습니다. 그리고 전화를 해보세요",
  "progress_12": "책상 윗쪽에 에어컨 덮개 판자를 번져서 무엇이 있는지 확인하세요",
  "progress_13": "침대의 오른쪽 탁자 아래쪽으로 침대 밑을 관찰하면 캄캄한데 손전등으로 침대밑을 비추면 침대밑에 무언가가 있는데 닿지 않습니다. 이때 그것을 빼낼 수 있습니다",
  "progress_14": "책상 아래의 쓰레기통을 뒤져보세요",
  "progress_15": "책상우에 주전자를 들고 화장실에 가서 주전자에 물을 가득 담고 다시 책상에 돠서 주전자 밑받침을 사용하여 전원에 연결한 후 주전자를 밑받침 우에 놓으면 물이 끓습니다",
  "progress_16": "물이 끓은 후 폐지를 사용하면 모든 것을 알게 될 것입니다"
}
