{
  "progress_1": "Go to the bathroom and pay attention to the bottom of the sink. There's a tiny stuff which is really hard to find.",
  "progress_2": "There's something under the left bedstand cabinet.",
  "progress_3": "Check out both the teacups on the desk.",
  "progress_4": "Go to the bathroom and take out the toilet lid. It's a common place to hide something.",
  "progress_5": "There's an important stuff in the right bedstand cabinet.",
  "progress_6": "Go to the bathroom. Find the power outlet and use the hair dryer. Then use the shell of the flashlight to make it dry. After it's dried, use it, and use the bulb. They will combine into a flashlight.",
  "progress_7": "Something is inside the lamp.",
  "progress_8": "Check out the pillows on the bed.",
  "progress_9": "Go to the toilet and flip over towels. Towels could hide things too.",
  "progress_10": "There's something behind the photo frame.",
  "progress_11": "Pull out the left bedstand cabinet and you'll see a telephone line interface. Use the telephone line, the telephone, and the speaker in the right order, then you'll get a working telephone. Call a room service.",
  "progress_12": "Check the air conditioning above the desk. See what's inside.",
  "progress_13": "See the bottom of the bed from the right bedstand cabinet. Use the flashlight to see what's really there, to pull it out.",
  "progress_14": "There's a trash below the desk. Check it out.",
  "progress_15": "Get the kettle on the desk. Go to the bathroom and put it in the sink. Fill it will water. Go back to the desk. Use the kettle base and then use the kettle. The water will boil.",
  "progress_16": "While the water was boiled, use the wasted paper, click the kettle again and agian. Finally you'll figure out all your questions."
}
