{
  "progress_1": "去卫生间的水池下方，注意右边通水管的底部，有不起眼的小东西",
  "progress_2": "床左边的床头柜下面有东西",
  "progress_3": "桌子上放着2个茶杯，把靠墙的茶杯打开看看",
  "progress_4": "进入卫生间，找到马桶，再翻开马桶水箱的盖子",
  "progress_5": "床右边的床头柜里有重要物品",
  "progress_6": "到卫生间，把吹风机连接在水池上方的插座上，使用手电外壳，用吹风机吹干湿漉漉的手电外壳之后，再分别对手电外壳和灯头进行组装，这样就得到一个完整的手电了",
  "progress_7": "台灯的灯罩里有玄机",
  "progress_8": "掀开床上的枕头，看看下面压着什么",
  "progress_9": "进入卫生间，掀开毛巾架里的毛巾看看",
  "progress_10": "相框后面是个藏东西的好地方",
  "progress_11": "查看床左边的床头柜，拉开它，会看到墙上有一个电话线的插口，依次使用电话线、电话机底座、电话话筒，这样就得到一部完整的电话了，拨通电话试试",
  "progress_12": "掀开桌子上方的空调盖板，看看里面有什么",
  "progress_13": "从床的右边床头柜那里往下面点来看床底，黑漆漆的一片，使用手电照亮床底，会发现床底下有东西",
  "progress_14": "翻翻桌子下面的垃圾桶",
  "progress_15": "拿起桌子上的水壶，去卫生间把水壶盛满水，再回到桌子上，使用水壶底座接上电源，再使用水壶把它放底座上，水就能烧开了",
  "progress_16": "当热水已经烧开的时候使用废纸，就一切都明白了"
}
