{
  "progress_1": "バスルームの洗面器の下にある右側の下水パイプの近くに何かがあるんだ",
  "progress_2": "左側のキャビネットの下にアイテムがある",
  "progress_3": "テーブルに2つのコップがある、壁側のコップを見てみよう",
  "progress_4": "バスルームでタンクのカバーを開ける",
  "progress_5": "右側のキャビネットにアイテムがある",
  "progress_6": "バスルームで、ドライヤーを洗面器の上にあるコンセントに繋いで、懐中電灯のグリップを乾かす。そしてグリップ、ランプの順に使って、懐中電灯を手に入れる",
  "progress_7": "テーブルランプのカバーにアイテムがある",
  "progress_8": "枕の下にアイテムがある",
  "progress_9": "枕の下にアイテムがある",
  "progress_10": "フォトフレームの裏にアイテムがある",
  "progress_11": "左側のキャビネットを移動して、壁に電話コードのコンセントがある。電話コード、電話、受話器の順に使って、完成した電話を手に入れる。ダイヤルをしてみよう",
  "progress_12": "テーブルの上にあるエアコンのカバーを外してみよう、中にアイテムがある",
  "progress_13": "右側のキャビネットの下をクリックして床を確認して、真っ暗で何も見えない。懐中電灯を使って、アイテムを取る",
  "progress_14": "テーブルの下にあるゴミ箱を見てみよう",
  "progress_15": "バスルームでケトルに水を注いで、テーブルに戻って、電源スタンドをコンセントに繋いで、ケトルを使って、お湯を沸かす",
  "progress_16": "お湯を沸かしてから、紙くずを使って、ヒントがある"
}
