{
  "click_1": "차문을 잠구고, 휴지를 들고 공항안에 달아가Howard를 찾습니다",
  "click_2": "이때Howard는 이미 기진맥진하여있고, 그 모습은 말이 아니었습니다…",
  "click_3": "Howard를 챙겨서 차안까지 부축해갔습니다. 차는 아무래도 내가 몰아야 할 것 같고, 먼저 병원으로 데리고 가야 할 것 같습니다",
  "click_4": "시내로 달리는 길에, Howard는 천천히 나아지는 것 같았습니다",
  "click_5": "(Howard：친구야, 나 괜찮아졌어, 병원으로 갈필요 없고 너의 호텔로 가자)",
  "click_6": "괜찮겠어? 먼저 병원으로 가",
  "click_7": "(Howard：괜찮아~ 뭔가를 잘못 먹은것 같은데 볼일 보고나니 괜찮아. 우리 모두 사람인데 이 정도는 괜찮아, 알지)",
  "click_8": "어…괜찮은거지? 그럼 호텔로 갈께",
  "click_9": "얼마 안되어, 호텔에 도착했습니다",
  "click_10": "(Howard：친구야, 늦었는데 휴식하고 낼 오후에 아무데도 가지 말고 내가 찾으러 올께)",
  "click_11": "Howard에게 자동차에 관해 여쭤보려다가 그가 기진맥진한 것을 보고 후에 다시 이야기하기로 했습니다",
  "click_12": "Howard가 가고나서, 체크인을 하고 방에 들어왔습니다. 하도 피곤하여 얼마 안되어 곧 잠이 들었습니다…",
  "click_13": "하지만 얼마 안되어 배고픔에 깨나게 되었고, 아래층에 간식을 찾으러 내려가려고 합니다…",
  "click_14": "어, 이 문이 왜 열리지 않지?!",
  "click_15": "지금의 나는, 이미 어찌할 바를 모르고 있습니다…"
}