{
  "click_1": "Lock the door, take the toilet paper, hurry back to the terminal building and look for Howard.",
  "click_2": "Howard has been totally collapsed and almost lie on the ground...",
  "click_3": "Take Howard back to the car. Obviously I have to be the driver and take him to a hospital.",
  "click_4": "While we're on the way downtown, Howard is getting better.",
  "click_5": "(Howard: Dude, I'm all right now. You don't need take me to the hospital. Just go to your hotel.)",
  "click_6": "You all right? No, you need go to the hospital.",
  "click_7": "(Howard: The bad food has already gone out from my body. I'm all right now.)",
  "click_8": "Uh...are you sure? Well, then I'm going to the hotel directly.",
  "click_9": "A moment later, we arrived at the hotel.",
  "click_10": "(Howard: Dude, it's too late now. You take a good rest and I'll come to you tomorrow afternoon. Don't go anywhere.)",
  "click_11": "I wanted to ask Howard about his car. But since he's exhausted now, I think I'd better ask him tomorrow.",
  "click_12": "After Howard left, I checked in the hotel and lay the bed. I was too sleepy and tired so I fell asleep quite soon...",
  "click_13": "But not long for that I woke up because of hunger. I know there's a night martet around here. I would go there and have some delicious snacks.",
  "click_14": "Huh? Why can't I open the door?!",
  "click_15": "By then, I totally have no idea what to do right now..."
}