{
  "click_1": "ドアをロックして、トイレットペーパーを持ってHowardを探しに行った",
  "click_2": "あいつはもうふらふらだ、かわいそう…",
  "click_3": "なんとかあいつを車に運んできた。しょうがないな、私が運転して病院に連れて行こう",
  "click_4": "病院に行く途中、あいつの様子は少しよくなった",
  "click_5": "(Howard: もう大丈夫だ、病院行かなくてもいいよ。ホテルに行こう)",
  "click_6": "マジで大丈夫か？顔色めちゃ悪い",
  "click_7": "(Howard: もう大丈夫だ、ありがとうよ、心配しないで)",
  "click_8": "マジかよ…そうしたらホテルに行こう",
  "click_9": "ホテルに着いた",
  "click_10": "(Howard: もうこんな時間だ。今日はありがとうよ、よく休んでくれ。明日の午後に来るから、待ってくれよ)",
  "click_11": "車の変なところを聞くつもりだけど…まあ明日にしようか",
  "click_12": "チェックインして部屋に入った。今日はめちゃ疲れた、知らないうちに眠りについた…",
  "click_13": "…やがて、腹が減って目醒めた、何かを食べに行くか",
  "click_14": "えっ？ドアは開けられない？",
  "click_15": "もう…また…か"
}