{
  "click_1": "锁上车门，拿着厕纸，赶快飞奔回航站楼去找小华",
  "click_2": "此时小华都已经拉虚脱了，那个惨样就别提了...",
  "click_3": "把小华收拾好，搀扶回车内，看来还是我来开车，先把他送去医院吧",
  "click_4": "疾驰在去往市区的路上，小华的情况慢慢好起来了",
  "click_5": "(小华：哥们，我好多了，不用送我去医院了，直接去你酒店吧)",
  "click_6": "你能行吗？还是先去医院吧",
  "click_7": "(小华：没事~我就是吃坏肚子了，拉出来就好了，咱们都是天朝子民，这点小意思，你懂的)",
  "click_8": "呃...你确定你没事了？那好吧，那我直接去酒店了",
  "click_9": "不一会儿，便来到了酒店",
  "click_10": "(小华：哥们，这都已经下半夜了，你好好休息，明天下午哪都别去，我来找你)",
  "click_11": "本来还想问问小华他的车怎么那么多机关，不过看他现在这么虚弱，还是回头再说吧",
  "click_12": "小华走后，我便登记进入了房间，由于又困又累，很快便睡着了...",
  "click_13": "可睡了没多久便又饿醒了，还是下楼去吃点好吃的吧",
  "click_14": "呀，这房间的门怎么打不开了？！",
  "click_15": "此时的我，已不知所措..."
}