{
  "click_1": "深夜降落在这个陌生的城市，等待小华来接我",
  "click_2": "已经跟小华说了我从2C出口出来，怎么还不见他人呢？",
  "click_3": "哦，看到了小华了，他捂着肚子，急匆匆地跑过来",
  "click_4": "二话不说就递给我一把车钥匙，他这是怎么了？",
  "click_5": "(小华：我闹肚子，哥们你自己先去车上坐着，我去趟厕所就来找你)",
  "click_6": "得到一把车钥匙",
  "click_7": "好久不见小华了，没想到一见面居然是这么尴尬的场面",
  "click_8": "没办法，去停车场坐他车里等他吧"
}