{
  "click_1": "この見知らない街に着いたところは深夜中だ、私はHowardが迎えに来るのを待っている",
  "click_2": "Howardと2C出口で会うと約束したのに、まだ来ていないか？",
  "click_3": "あっ、きたきた！なんかお腹痛そうで走ってきた",
  "click_4": "いきなり車の鍵を渡してきた、どうした？こいつは…",
  "click_5": "(Howard：ごめん、お腹壊した！車で待ってくれ、すぐ行く)",
  "click_6": "車の鍵を手に入れた",
  "click_7": "久しぶりに会ってないのに、こんなふうに迎えてくるってな…",
  "click_8": "まあしょうがねぇ~、車に行って待ってやるか"
}