{
  "click_1": "야밤에 이 낯선 도시에 내려, Howard가 데리러 오길 기다리고 있습니다",
  "click_2": "Howard에게 2C출구로 나간다고 말했는데, 그가 보이지 않습니다",
  "click_3": "아, Howard가 보입니다. 그는 배를 움켜쥐고 급하게 달려오고 있습니다",
  "click_4": "다른 말은 없이 나에게 차열쇠를 넘겨주었습니다. 왜 이러는 거지?",
  "click_5": "(Howard：나 배아파, 친구 너 절로 먼저 차에 타고 있어. 화장실 갔다 올께)",
  "click_6": "차열쇠를 얻었습니다",
  "click_7": "오랜만에Howard를 보는데 첫 만남이 이렇게 남감한 상황일 줄 몰랐습니다",
  "click_8": "방법이 없어 주차장에 있는 그의 차에 가서 그를 기다려야 합니다"
}