{
  "click_1": "In the midnight I arrived at Howard's city and waited him to pick me up.",
  "click_2": "I told Howard which exit I am. Why hasn't he shown up?",
  "click_3": "Oh, I see him. But he's clutching his stomach and ran to me in a hurry.",
  "click_4": "Without any greeting, he just handed me a car key and ran away. What's wrong with him?",
  "click_5": "(Howard: I ate some bad food and I have to go to the toilet. Dude, you go find the car and I will meet you there.)",
  "click_6": "Get a car key from Howard.",
  "click_7": "It's a long time since last time I met Howard. It's really a little funny and embarrassing now.",
  "click_8": "Anyway, I'll go to the car park and just wait for him in his car."
}