{
  "afterLoad_1": "이건 그냥 손전등 케이스입니다",
  "afterUseItem_1": "두개 전지를 꼽아봅니다",
  "afterUseItem_2": "전지가 하나여서 꼽을 수 없습니다",
  "afterUseItem_3": "이것을 꼽아봅니다",
  "use_1": "이건 좀전에 변기에서 꺼낸거라 젖어서 쓸 수가 없습니다.",
  "use_2": "하, 이거면 될 것 같은데 한번 조립해봅니다",
  "use_3": "진짜 조립되었습니다. 쓸 수 있나 한번 봅니다",
  "use_4": "헤헤~ 쓸 수 있습니다. 켜졌습니다",
  "use_5": "그럼 어두운 곳을 비춰볼 수 있게 되었습니다",
  "use_6": "전지는 있고, 무엇이 모자랄까요?",
  "use_7": "조립이 안됩니다. 무언가가 모자랍니다",
  "use_8": "케이스만 있어서는 안됩니다"
}