{
  "afterLoad_1": "这只是个手电筒外壳",
  "afterUseItem_1": "把2节电池装上去看看",
  "afterUseItem_2": "只有1节电池还装不上啊",
  "afterUseItem_3": "把这玩意儿装上去看看",
  "use_1": "刚从马桶水箱里捞出来的，湿漉漉的没法用啊",
  "use_2": "嘿，这些东西刚好够了，组装起来看看",
  "use_3": "还真的装起来了，不知道能不能用呢",
  "use_4": "嘿～还真能用，亮了",
  "use_5": "这下黑的地方就可以照一照喽",
  "use_6": "电池有了，还差点什么呢？",
  "use_7": "装不上，好像还差点什么？",
  "use_8": "只有个外壳没有用啊"
}