{
  "afterLoad_1": "This is just a shell of some kind of flashlight.",
  "afterUseItem_1": "Put these two batteries into the shell.",
  "afterUseItem_2": "It needs one more battery.",
  "afterUseItem_3": "Put this stuff on.",
  "use_1": "The shell is taken from the toilet tank. It's still too wet to use.",
  "use_2": "Ha, these things match each other perfectly. Let me try to assemble them.",
  "use_3": "I succeed! It's actually a flashlight. Can it work?",
  "use_4": "Hey! It works! Great!",
  "use_5": "Now I can check the dark places with no fear.",
  "use_6": "There're batteries. What else is needed?",
  "use_7": "They don't match. There must be something else.",
  "use_8": "It's just a shell. Useless."
}