{
  "afterLoad_1": "懐中電灯のグリップ",
  "afterUseItem_1": "乾電池を2本とも入れてみよう",
  "afterUseItem_2": "1本だけじゃ無理か",
  "afterUseItem_3": "これを入れてみよう",
  "use_1": "びしょびしょじゃ使えない",
  "use_2": "これで揃ったようだ、組み合わせてみよう",
  "use_3": "できた…でも使えるんだろうか",
  "use_4": "使えてよかった",
  "use_5": "これがあれば、暗いところもよく見える",
  "use_6": "また何か足りないな",
  "use_7": "組み合わせない、何か足りない",
  "use_8": "グリップだけじゃ使えない"
}