{
  "num_1": "반응이 없습니다...",
  "num_2": "암호 입력이 정확합니다. 다시 입력할 필요가 없습니다",
  "input_2": "몇 개 버튼을 모두 눌러도 반응이 없습니다",
  "open_1": "아! 무슨 상황이지?!",
  "afterLoad_1": "이미 암호를 입력하였습니다",
  "afterLoad_2": "여긴 암호를 입력하는 곳인 것 같습니다...",
  "afterLoad_3": "이건 무엇을 제어하는 것이지...",
  "volumeUp_1": "반응이 없습니다...",
  "volumeDown_1": "반응이 없습니다...",
  "channelUp_1": "반응이 없습니다...",
  "channelDown_1": "반응이 없습니다...",
  "makeupLight_1": "반응이 없습니다...",
  "underwaterLight_1": "반응이 없습니다...",
  "ceilingLight_1": "반응이 없습니다...",
  "massageLight_1": "반응이 없습니다...",
  "tv_1": "반응이 없습니다...",
  "back_1": "반응이 없습니다..."
}
