{
  "num_1": "No response...",
  "num_2": "The code has already been inputted correctly.",
  "input_2": "Press some of the buttons. None of them worked.",
  "open_1": "Huh? What?",
  "afterLoad_1": "The code has already been inputted.",
  "afterLoad_2": "This is the keypad for inputting the code...",
  "afterLoad_3": "What's this for?",
  "volumeUp_1": "No response...",
  "volumeDown_1": "No response...",
  "channelUp_1": "No response...",
  "channelDown_1": "No response...",
  "makeupLight_1": "No response...",
  "underwaterLight_1": "No response...",
  "ceilingLight_1": "No response...",
  "massageLight_1": "No response...",
  "tv_1": "No response...",
  "back_1": "No response..."
}
