{
  "num_1": "没反应...",
  "num_2": "口令已经输入正确，不用再输入一遍了",
  "input_2": "按了一堆按钮，都没反应...",
  "open_1": "呀！什么情况？！",
  "afterLoad_1": "已经输入过口令了",
  "afterLoad_2": "这里似乎就是输入口令的地方了...",
  "afterLoad_3": "这是控制什么的呢...",
  "volumeUp_1": "没反应...",
  "volumeDown_1": "没反应...",
  "channelUp_1": "没反应...",
  "channelDown_1": "没反应...",
  "makeupLight_1": "没反应...",
  "underwaterLight_1": "没反应...",
  "ceilingLight_1": "没反应...",
  "massageLight_1": "没反应...",
  "tv_1": "没反应...",
  "back_1": "没反应..."
}
