{
  "num_1": "反応なし...",
  "num_2": "正しいパスワードを入力済み、再入力は要らない",
  "input_2": "どのボタンを押しても反応がない…",
  "open_1": "あっ！どうした？！",
  "afterLoad_1": "パスワードを入力した",
  "afterLoad_2": "ここはパスワードを入力する場所だ...",
  "afterLoad_3": "これは何をコントロールするの...",
  "volumeUp_1": "反応なし...",
  "volumeDown_1": "反応なし...",
  "channelUp_1": "反応なし...",
  "channelDown_1": "反応なし...",
  "makeupLight_1": "反応なし...",
  "underwaterLight_1": "反応なし...",
  "ceilingLight_1": "反応なし...",
  "massageLight_1": "反応なし...",
  "tv_1": "反応なし...",
  "back_1": "反応なし..."
}
