{
  "afterUseItem_1": "밑받침을 연결해봅니다",
  "afterUseItem_2": "이 수화기선을 쓸 수 있나 한번 봅니다",
  "afterUseItem_3": "수화기도 연결하였고 이젠 쓸 수 있겠지? 한번 전화 걸어봐야지",
  "clickTelephone_1": "(뚜…뚜…)전화가 통합니다!!!",
  "clickTelephone_2": "여보세요? 속8 카운터입니까? 8303방에 문을 좀 열어주세요",
  "clickTelephone_3": "(?요까릴드와도 을엇무 .다니입터운카 8속 는기여 ,요세하녕안)",
  "clickTelephone_4": "뭐라구요?",
  "clickTelephone_5": "(?요까릴드와도 을엇무 .다니입터운카 8속 는기여 ,요세하녕안)",
  "clickTelephone_6": "여보세요? 뭐라는거에요?",
  "clickTelephone_7": "(~호호호 ?까니습겠르모 지는라뭐)",
  "clickTelephone_8": "이게 무슨 일이지? 나갈꺼야",
  "clickTelephone_9": "~허허허 .다니입것될 게있혀갇 에곳이 히원영",
  "clickTelephone_10": "(~호호호 .다니입것 할못 지나여깨 히원영 .다니습있 에꿈 은신당)",
  "clickTelephone_11": "(~호호호 .네렸버해말! 고이아)",
  "clickTelephone_12": "(~녕안 .다니입것 할못 지가나 히원영 은신당 .다니습겠않 지치난장 과신당)",
  "clickTelephone_13": "이게 어찌된 일이지? 꿈에 있는건가?",
  "clickTelephone_14": "(전화를 끊고)나 꿈에 있는건가? 하긴, 그렇기에 주위에 모든 것이 다 이상하지!",
  "clickTelephone_15": "이러면 안되고, 빨리 방법을 찾아 꿈에서 깨어나야합니다!!",
  "clickTelephone_16": "무슨 방법이든 다 해봐야합니다. 아니면 식물인간이 되는 것입니다!!!",
  "clickTelephone_17": "인셉션에서 꿈에 갇혔을 때 자극을 줘야 깨어날 수 있다고 했습니다",
  "clickTelephone_18": "벽에 부딛쳐봅니다(쾅!!쾅!!아, 머리아파! 아직 깨어나지 않았습니다)",
  "clickTelephone_19": "뛰어내려볼까, 아이고! 안됩니다. 창문이 잠겨져 열리지 않습니다",
  "clickTelephone_20": "살려주세요!! 어떻게 해야 깨어날 수 있을까?",
  "clickTelephone_21": "이 전화선은 이미 연결하였습니다",
  "clickTelephone_22": "앗싸, 이 밑받침도 연결되었습니다",
  "clickTelephone_23": "헤헤, 수화기선은 마침 여기에 쓸 수 있습니다",
  "clickTelephone_24": "침대 옆 탁자를 원 위치에 놓습니다",
  "clickTelephone_25": "침대옆 탁자를 열어봅니다. 어라? 안에 소켓이 있습니다"
}