{
  "afterUseItem_1": "把底座接上看看",
  "afterUseItem_2": "看看这电话听筒线能不能用",
  "afterUseItem_3": "话筒也接上了，可以用了吗？拨打一下试试",
  "clickTelephone_1": "(嘟...嘟...)电话似乎打通了！！",
  "clickTelephone_2": "喂？速8前台吗？帮我开下8303房间的门",
  "clickTelephone_3": "(？要需么什有您问请，台前8速是里这，好你)",
  "clickTelephone_4": "你说什么？",
  "clickTelephone_5": "(？要需么什有您问请，台前8速是里这，好你)",
  "clickTelephone_6": "喂？你在说什么玩意？",
  "clickTelephone_7": "(～ohohoh？吗懂不听你)",
  "clickTelephone_8": "这是怎么回事？我要出去",
  "clickTelephone_9": "(～呵呵呵，地此于困被远永将你)",
  "clickTelephone_10": "(～ohoh？啦来不醒也再，中梦在人你)",
  "clickTelephone_11": "(～ohohoh，了嘴漏说！呀哎)",
  "clickTelephone_12": "(～拜拜，咯去不出都远永你，了玩你和不)",
  "clickTelephone_13": "怎么回事？我是在梦里？",
  "clickTelephone_14": "(挂上电话)我在梦里？有道理啊，怪不得觉得周围的一切都不对劲呢！",
  "clickTelephone_15": "这样不行，得想办法从梦中醒来！！",
  "clickTelephone_16": "不管什么方法我都要尝试，不然醒不过来岂不是就成植物人啦！！！",
  "clickTelephone_17": "记得盗梦空间说过被困在梦中需要刺激才能醒来",
  "clickTelephone_18": "撞墙试试(咣！！咣！！)哎呀，头好痛！还没醒",
  "clickTelephone_19": "去跳楼，哎呀！不行，窗户是锁着的，打不开啊",
  "clickTelephone_20": "救命啊！！怎么才能醒来啊？",
  "clickTelephone_21": "这根电话线已经插上了",
  "clickTelephone_22": "不错，这个底座也能接上",
  "clickTelephone_23": "嘿，电话听筒线正好可以用在这里",
  "clickTelephone_24": "把床头柜放回原位了",
  "clickTelephone_25": "拉开床头柜，咦？这里竟然有个插孔"
}