{
  "afterUseItem_1": "Connect the phone with the telephone line.",
  "afterUseItem_2": "Try this wire and see if it still works.",
  "afterUseItem_3": "All set up. Can it work? Let me have a try.",
  "clickTelephone_1": "(Beep...beep...) It worked! Nice! !",
  "clickTelephone_2": "Hello? Front desk? I need you send someone to help me unlock my room door. It's Room 8303. Hello?",
  "clickTelephone_3": "(?sir, you help I can What .desk front is This !Hello)",
  "clickTelephone_4": "What did you just say?",
  "clickTelephone_5": "(?sir, you help I can What .desk front is This !Hello)",
  "clickTelephone_6": "Hello? What are you talking about?",
  "clickTelephone_7": "(!ha Ha .direction opposite Try ?me understand you Can't)",
  "clickTelephone_8": "What the hell is this going? I want out!",
  "clickTelephone_9": "(.forever ,here be always will You .it Save)",
  "clickTelephone_10": "(.up wake to you for way no is There .dream deep very a in are You)",
  "clickTelephone_11": "(.tongue the of slip a It's !Oops)",
  "clickTelephone_12": "(!bye Bye !fun Have .up wake not can you ,Anyway)",
  "clickTelephone_13": "What is it? I was in a dream?",
  "clickTelephone_14": "(Hung up the phone) I'm in a dream? It makes some sense. No wonder why I feel everything is wrong in this room!",
  "clickTelephone_15": "I can't stand it! I have to try some way and wake up!",
  "clickTelephone_16": "No matter what method, it's worth a try. I don't want to be a gork!",
  "clickTelephone_17": "Wait, I remember something. The movie Inception said if you are trapped in a dream, you need a kick.",
  "clickTelephone_18": "Let me try give myself a kick. Knock my head against the wall! (Bam!! Harder! Bang!) Damn! It hurts so much but I'm still here.",
  "clickTelephone_19": "Go jump off the building. No way, all the windows are closed.",
  "clickTelephone_20": "Help! What else should I do to wake up myself?",
  "clickTelephone_21": "This telephone line has been plugged in.",
  "clickTelephone_22": "Good, the phone is connected with the telephone line.",
  "clickTelephone_23": "Hey, this is perfect here.",
  "clickTelephone_24": "Bedside cabinet's back in place.",
  "clickTelephone_25": "Move away the bedside cabinet...Huh? There is a telephone outlet."
}