{
  "afterUseItem_1": "つけてみよう",
  "afterUseItem_2": "ケーブルは大丈夫かな？",
  "afterUseItem_3": "受話器をつけた、これで使えるはずだ",
  "clickTelephone_1": "ドゥ…ドゥ…もう使えるんだ！",
  "clickTelephone_2": "もしもし！速8のカウンターですか？8303号室のドアを開けてもらえますか",
  "clickTelephone_3": "(？かうょしで用御か何、すまいざごでータンウカ８速)",
  "clickTelephone_4": "なんですって？",
  "clickTelephone_5": "(？かうょしで用御か何、すまいざごでータンウカ８速)",
  "clickTelephone_6": "もしもし？何を言ってるんですか？",
  "clickTelephone_7": "(~っほほほ？かのいならかわたま)",
  "clickTelephone_8": "どういうことだ？早く出してくれ！",
  "clickTelephone_9": "(~っほほほ！ぞいなれら出に遠永うもう)",
  "clickTelephone_10": "(~っほほほ！いなはとこるめ醒目と度二うも！だ中の夢はここ)",
  "clickTelephone_11": "(~っほほほ！たぎすい言、とっお)",
  "clickTelephone_12": "(~だばらさ！だのいなせ出げ逃に遠永くかにと)",
  "clickTelephone_13": "なんだと？夢の中に？",
  "clickTelephone_14": "夢の中に…そうだ！だからいろいろおかしいんだ！",
  "clickTelephone_15": "このままじゃだめだ、なんとか目醒めなきゃと！！",
  "clickTelephone_16": "たとえどんな方法でも！絶対目醒めるんだ！",
  "clickTelephone_17": "確かインセプションという映画では、強い刺激がなければ夢から脱出できないとね…",
  "clickTelephone_18": "そうだ！壁に突っ込んでみよう（ドン！！ドン！！）いてぇぇぇぇぇ！畜生、まだ目醒めていないか！",
  "clickTelephone_19": "そうだ！窓から！…だめか、窓も開けられない",
  "clickTelephone_20": "誰か助けてくれ！！一体どうやって目醒めるのだろう！",
  "clickTelephone_21": "コードはつけている",
  "clickTelephone_22": "これで本体にも繋げるんだ",
  "clickTelephone_23": "ケーブルはちょっとここに使えるんだ",
  "clickTelephone_24": "キャビネットを戻した",
  "clickTelephone_25": "キャビネットを移動してみよう。あれ、コンセントがあるんだ"
}