{
  "afterUseItem_1": "물이 넘쳐납니다. 더 이상 담을 필요가 없습니다",
  "afterUseItem_2": "주전자를 씽크대에 놓고 물을 담습니다",
  "afterUseItem_3": " 주전자를 씽크대에 놓고 물을 담을 준비를 합니다",
  "openWater_1": "수도꼭지를 잠급니다. 물이 가득 담겼습니다",
  "openWater_2": "수도꼭지를 잠급니다. 물절약은 일종 미덕입니다",
  "openWater_3": "수도꼭지를 엽니다. 주전자에 물을 담습니다",
  "openWater_4": "수도꼭지를 엽니다. 물이 콸콸 흐릅니다…"
}