{
  "afterUseItem_1": "붉은 색 액체를 바르니, 일부 숫자에 특수한 반응이 생겼습니다",
  "afterUseItem_2": "푸른색 액체를 바르니, 일부 숫자에 특수한 반응이 생겼습니다",
  "press_1": "자동차 문이 잠금 해제되었습니다. 비밀번호를 입력하지 않아도 됩니다",
  "press_2": "비밀번호를 입력하는 곳인 것 같은데, 비밀번호가 무엇일까요?",
  "press_3": "비밀번호가 정확합니다! 이번엔 차문이 열릴 것입니다!",
  "press_4": "비밀번호가 정확하지 않습니다"
}