{
  "called_1": "(小华：哥们，手套箱里的厕纸拿到了吗？)",
  "called_2": "呃，还没，你容我再去找找...",
  "called_3": "拿到了拿到了，你坚持住啊，我这就来！",
  "click_1": "开机试试...",
  "click_2": "还好，这电量应该凑合能打通",
  "click_3": "呼叫小华...",
  "click_4": "喂？小华？你在哪？怎么还不回来？我刚才手机没电了，这才充上电",
  "click_5": "(小华：哥们啊，我打你电话半天了都打不通啊，我可老惨了啊，你快来帮我)",
  "click_6": "(小华：我还在航站楼厕所里，我拉肚子止不住啊，腿都软了)",
  "click_7": "(小华：厕所的纸都被我用光了，你想想我来回拉了多少次！从来没这么严重过啊！)",
  "click_8": "(小华：听说过有一种发动机技术叫“肛”内直喷吧？我现在这感觉就是了，快来救我吧...)",
  "click_9": "(小华：对了，我车的手套箱里有一卷厕纸，一并带来！就这样，快来吧！)",
  "click_10": "唉，这个可怜的小华，这是吃了什么不干净的食物啊，拉成那个样子...",
  "click_11": "得，啥也别说了，拿着厕纸赶紧去找他吧~可这厕纸在哪呢？",
  "click_12": "得，啥也别说了，拿着厕纸赶紧去找他吧~"
}