{
  "called_1": "(Howard：친구야, 글러브 박스에 휴지는 찾았어?)",
  "called_2": "아, 아직이야, 잠시만 찾아볼께…",
  "called_3": "찾았어찾았어, 잠시만 견지하고 있어, 지금 가!",
  "click_1": "켜 봅니다…",
  "click_2": "다행히도 통화는 가능할 정도의 배터리가 있습니다",
  "click_3": "Howard연결 중…",
  "click_4": "여보세요? Howard.? 어디야? 왜 아직도 안와? 좀전에 핸드폰 배터리가 없었어, 이제야 충전했어",
  "click_5": "(Howard：친구야, 전화 계속 했었어. 나 지금 완전 망했어, 빨리 도와줘)",
  "click_6": "(Howard：나 아직도 공항 화장실이야, 나 지금 배탈 났는데 장난 아니야, 다리가 후들거려)",
  "click_7": "(Howard：화장실에 종이를 다 써버렸어, 몇번 화장실 다녀왔는지 상상해봐! 이렇게 심한건 정말 처음이다!)",
  "click_8": "(Howard：정말 말이 아니야 지금, 빨리 구해줘…)",
  "click_9": "(Howard：아 맞다, 내 차에 글러브 박스 안에 휴지가 있으니 가지고 와!빨리와, 끊어!)",
  "click_10": "아이고, 불쌍한Howard, 무슨 잘못된 음식을 먹었기에, 이정도로…",
  "click_11": "됐고 빨리 휴지를 가지고 그를 찾아가봐야지~근데 휴지가 어디에 있지?",
  "click_12": "됐고, 휴지를 가지고 그를 찾아가봐야지~"
}