{
  "called_1": "(Howard: Dude, have you got the toilet paper in my glove box?)",
  "called_2": "Eh...Not yet...Give me more time and I will find it.",
  "called_3": "Yea yea I got it. Hold on, I'm on my way!",
  "click_1": "Turn on the iPhone...",
  "click_2": "Good. The power should be enough to call Howard.",
  "click_3": "Calling Howard...",
  "click_4": "Hello? Howard, where're you? Why haven't you come back yet? My iPhone was out of battery. But It's OK now.",
  "click_5": "(Howard: Dude, I called you hundreds of times! I'm so sicked! Help me!)",
  "click_6": "(Howard: I'm still in the toilet at the terminal building. I'm having a bad diarrhea.)",
  "click_7": "(Howard: I have used all of the toilet paper! So you can imagine how bad I am!)",
  "click_8": "(Howard: Have you ever heard of an engine technique called Direct Injection? I've been direct injecting the toilet from my stomach many times. Come help me!)",
  "click_9": "(Howard: Oh right, there's a roll of toilet paper in my glove box. Bring it here. Now!)",
  "click_10": "What a poor Howard! He must had eaten something really bad...",
  "click_11": "I'd better take the toilet paper to him as soon as possible. But, where is the toilet paper?",
  "click_12": "I'd better take the toilet paper to him as soon as possible."
}