{
  "called_1": "(Howard：まだかっ！！)",
  "called_2": "すぐだ！！",
  "called_3": "あったった！すぐ行く！しっかりしろ！！",
  "click_1": "電源を入れてみよう…",
  "click_2": "このぐらいはそこそこかけるんだ",
  "click_3": "Howardに呼び出し中…",
  "click_4": "もしもし？Howard？今どこ？まだ帰ってこないか？携帯の電池は切れた、充電したところだ",
  "click_5": "(Howard：先からずっど電話通じなかった！もう死にそうだ！助けてきてくれ！)",
  "click_6": "(Howard：ターミナルのトイレにいるんだ！ああっ止められない！もう死にそうだ！)",
  "click_7": "(Howard: ああっトイレットペーパー切れっても止まらない！)",
  "click_8": "(Howard：もう「川の流れのように」だ！！助けてきてくれ！)",
  "click_9": "(Howard: あっそうだ、グローブボックスにトイレットペーパーあるんだ！持ってきてくれ！)",
  "click_10": "こいつ何を食べた…かわいそうだ…",
  "click_11": "早くトイレットペーパーを持っていかなきゃ…しかし、どこにあるのだろう？",
  "click_12": "早くトイレットペーパーを持っていかなきゃ…"
}