{
  "bomb_1": "发动车辆直接引爆了炸弹！",
  "bomb_2": "炸弹解除失败，炸弹被直接引爆了！",
  "bomb_3": "车内的超声波传感器感应到车内无人，炸弹爆炸了！",
  "touchesBegan_1": "由于炸弹的威力过大，您被炸GAME OVER了...",
  "touchesBegan_2": "是不是没有点亮所有的灯光？或者空调温度不对？",
  "touchesBegan_3": "(先想办法拆除了炸弹再跑吧，稍后回到爆炸前状态)",
  "touchesBegan_4": "(别着急再想想，稍后返回到GAME OVER前状态)"
}