{
  "bomb_1": "エンジンをかけてみると、爆弾は爆発した！",
  "bomb_2": "爆弾を解除失敗、爆発した！",
  "bomb_3": "車内に誰もいないと超音波センサーに感知されて、爆弾は爆発した！",
  "touchesBegan_1": "爆発した！…GAME OVER",
  "touchesBegan_2": "まだつけていないランプがある？それともエアコンの温度設定が間違っている？",
  "touchesBegan_3": "(とにかく爆弾を解除して逃げよう…爆発の直前に戻る)",
  "touchesBegan_4": "(よく考えよう…GAME OVERの直前に戻る)"
}