{
  "bomb_1": "The bomb exploded as soon as the engine is started!",
  "bomb_2": "Failed to deactive the bomb. The bomb explodes!",
  "bomb_3": "Ultrasonic sensors detect no one's inside or around the car. The bomb explodes!",
  "touchesBegan_1": "Thanks to the power of the bomb, you are GAME OVER...",
  "touchesBegan_2": "Are all the lights on? Is the air conditioning temperature right?",
  "touchesBegan_3": "(Better run after the bomb is deactived. Now back to the status before the explosion.)",
  "touchesBegan_4": "(Don't worry. Think a while and check everywhere carefully. Now back to the status before the explosion.)"
}