{
  "bomb_1": "자동차 시동을 거니 폭탄이 폭발하였습니다!",
  "bomb_2": "폭탄 제거 실패, 폭탄이 폭파하였습니다!",
  "bomb_3": "차 안의 초음파센서가 차 안에 사람이 없는 것을 감지하고 폭탄이 폭파하였습니다 ",
  "touchesBegan_1": "폭탄 위력이 커서 GAME OVER 하였습니다…",
  "touchesBegan_2": "모든 전등을 켜지 않았거나? 혹은 에어컨 온도가 잘못 되었거나?",
  "touchesBegan_3": "(먼저 폭탄을 제거한 후 도망쳐야합니다. 잠시 후 폭파 전 상황에 되돌아 갑니다)",
  "touchesBegan_4": "(급해하지 말고 다시 생각해보세요. 잠시후GAME OVER 전 상황에 되돌아 갑니다)"
}