{
  "afterLoad_1": "iPhone充电中...",
  "afterLoad_2": "这地方好像在藏着什么东西似的",
  "afterUseItem_1": "把iPhone充电器插进去，给iPhone充电",
  "afterUseItem_2": "把iPhone数据线接到充电器上",
  "afterUseItem_3": "把iPhone接上去...哈，充电了！",
  "openSlot1_1": "电应该充差不多了，给小华打个电话吧",
  "openSlot1_2": "看来这样就能给iPhone充电了",
  "openSlot1_3": "呃，看来还缺iPhone数据线啊...",
  "openSlot1_4": "把盖子盖上",
  "openSlot1_5": "打开盖子看看...嘿，这里居然有个电源插座！",
  "openSlot1_6": "试试能不能打开...哈，打开了！",
  "openSlot1_7": "试试能不能打开...嗯？居然打不开？",
  "openSlot2_1": "关上了",
  "openSlot2_2": "打开看看...什么都没有嘛！"
}