{
  "afterLoad_1": "iPhone充電中…",
  "afterLoad_2": "何かを隠れているようだ",
  "afterUseItem_1": "iPhoneの充電器を差し込んで充電する",
  "afterUseItem_2": "iPhone用ケーブルを充電器に繋いだ",
  "afterUseItem_3": "iPhoneを繋いで…充電開始！",
  "openSlot1_1": "そろそろだな、Howardに電話してみようか",
  "openSlot1_2": "これでiPhoneに充電できるようだ",
  "openSlot1_3": "iPhone用ケーブルはどこにあるのだろう…",
  "openSlot1_4": "カバーを閉めた",
  "openSlot1_5": "カバーを開けてみよう…コンセントだ",
  "openSlot1_6": "開けてみよう…よし、開けた！",
  "openSlot1_7": "開けてみよう…あれ？開けられない？",
  "openSlot2_1": "閉めた",
  "openSlot2_2": "開けてみよう…何もない"
}