{
  "afterLoad_1": "iPhone충전중…",
  "afterLoad_2": "여기에 무언가가 숨겨져 있는 것 같습니다",
  "afterUseItem_1": "iPhone 충전기를 꼽고, iPhone을 충전합니다",
  "afterUseItem_2": "iPhone케이블을 충전기에 연결합니다",
  "afterUseItem_3": "iPhone을 연결합니다…하, 충전이 됩니다!",
  "openSlot1_1": "충전이 거의 된 것 같습니다. Howard에게 전화를 합니다",
  "openSlot1_2": "이러면iPhone을 충전할 수 있을 것 같습니다",
  "openSlot1_3": "아, iPhone 케이블이 부족합니다…",
  "openSlot1_4": "덮개를 덮습니다",
  "openSlot1_5": "덮개를 열어 봅니다…아, 여기에 콘센트가 있습니다!",
  "openSlot1_6": "한번 열어봅니다…아, 열렸습니다!",
  "openSlot1_7": "한번 열어봅니다…어라? 열리지 않습니다",
  "openSlot2_1": "닫습니다",
  "openSlot2_2": "열어 봅니다… 아무것도 없네!"
}