{
  "afterLoad_1": "The iPhone is charging...",
  "afterLoad_2": "This seems a good place to hide something.",
  "afterUseItem_1": "Plug the charger. Let it charge my iPhone.",
  "afterUseItem_2": "Plug the data cable into the charger.",
  "afterUseItem_3": "Connect the iPhone...Ha! The iPhone is charging!",
  "openSlot1_1": "The iPhone gets some power now. It's time to call Howard.",
  "openSlot1_2": "This looks can charge an iPhone.",
  "openSlot1_3": "This looks can charge an iPhone.",
  "openSlot1_4": "Close the lid.",
  "openSlot1_5": "Open the lid...Hey! There is a power outlet!",
  "openSlot1_6": "Try to open it...Ha! It opened!",
  "openSlot1_7": "Try to open it...Huh, it's locked.",
  "openSlot2_1": "Closed.",
  "openSlot2_2": "Open it...Alas, nothing is here."
}