{
  "click_1": "哎呀！想不到车一发动，这门居然自己开了！",
  "click_2": "哈，这下终于能透口气了...呼~想不到小华这车还挺有玄机的",
  "click_3": "不管怎么说，小华迟迟不回来，手机没电又联系不上他，这可怎么办呢？",
  "click_4": "如果我现在去找小华...不行，万一小华趁我不在时回来而找不到我，那就更糟糕了",
  "click_5": "唉，真没辙，只能继续干等了，都怪我忘记了给手机充电",
  "click_6": "车外随便转转吧，就当透透气了"
}