{
  "click_1": "Ah!  I can't imagine the door opens itself as soon as the car is started!",
  "click_2": "Finally, I can take some fresh air outside the car. Whirr~Howard must have a good reason to set so many tricks to this car.",
  "click_3": "Anyway, Howard hasn't come back yet. My iPhone is out of battery. What can I do now?",
  "click_4": "What if I leave the car and go to find Howard? I bet it's not a good idea. If Howard is back while I'm away, he can't find me.",
  "click_5": "Alas, every idea is bad. I can only wait here. It's really my fault to forget to charge my iPhone.",
  "click_6": "Take a walk around the car. Just take more fresh air."
}