{
  "click_1": "아이고! 차에 시동이 걸리니 차문이 자기절로 열렸습니다!",
  "click_2": "하, 이제야 시름이 놓입니다…후~ Howard의 차가 이런 현묘한 기능이 있을 줄은 몰랐습니다",
  "click_3": "어쨌든Howard가 아직도 오지 않고 있고, 전화로도 연락할 수 없는데, 이제 어떻게 해야 할까요?",
  "click_4": "만약Howard 찾으러 간다면…아니야, 만약에Howard가 내가 없을 때 왔다가 나를 찾지 못하면 더 최악이지",
  "click_5": "아이고, 방법이 없네, 그냥 기다릴 수 밖에. 다 핸드폰에 충전을 하지않은 나의 탓이야",
  "click_6": "차 밖에서 걸어 다니며 바람을 쐽니다"
}