{
  "click_1": "エンジンがかかったら、ドアも開けた",
  "click_2": "ふぅ~Howardのやつめ、変な車を乗っている",
  "click_3": "しかし、Howardのやつはなかなか帰ってこないし、電話でも連絡できない、どうすればいいかな？",
  "click_4": "探しに行くか…だめ、留守中にあいつが帰ってきたららどうする？",
  "click_5": "しょうがないな、もう少しまってやろう",
  "click_6": "ちょっと降りてみようか"
}