{
  "getKey2_1": "这车钥匙按什么键都没反应啊，坑爹么不是！",
  "getKey2_2": "仔细看看",
  "getKey2_3": "咦？这什么玩意儿，居然可以抽出来？",
  "getKey2_4": "拿出来看看...",
  "getKey2_5": "呵，还挺长的...",
  "getKey2_6": "哦？似乎是一个钥匙，但没有把手啊",
  "getKey2_7": "这可怎么用，捅进锁孔里既没法拧、也拔不出来啊",
  "getKey2_8": "哦对，把它反过来插车钥匙上试试",
  "getKey2_9": "似乎是这么用的...再往里塞塞，固定一下",
  "getKey2_10": "得到大众CC车钥匙的备用钥匙状态",
  "afterLoad_1": "奇怪的车钥匙，里面已经装上了电池，但还是开不了后备厢，按各种按钮都没有反应",
  "afterLoad_2": "按下车钥匙上的各种解锁按钮...我晕，居然没有任何反应，这可怎么办",
  "afterLoad_3": "大众CC的车钥匙，按什么钮都没反应，似乎是坏的",
  "afterUseItem_1": "把钮扣电池拿出来，装上去试试",
  "handleSwipeFrom_1": "向左掰一下...嘿！这个白色金属部分似乎能拿下来了",
  "handleSwipeFrom_2": "翻个面，看看这钥匙有什么玄机没有...",
  "click_1": "没想到这车钥匙居然还能一个变两个，有意思...这东西一定有用，先留着",
  "click_2": "拿掉备用钥匙，仔细看看这个车钥匙还有什么好操作的",
  "disassemble_1": "把这部分拿掉看看",
  "disassemble_2": "翻过来，再把钥匙壳抠开...",
  "disassemble_3": "钥匙已经拆开了，可以看见电池已经装进去了",
  "disassemble_4": "咦？怪不得这个钥匙不能用，这里好像少了个什么零件啊！",
  "disassemble_5": "电池拿下来了",
  "disassemble_6": "没看见这车钥匙里有电池，这个空空荡荡的位置应该就是用来装电池的！对！",
  "disassemble_7": "重新得到电池，车钥匙又没电了",
  "disassemble_8": "可我上哪去找电池啊？",
  "disassemble_9": "电池拆下来了，把车钥匙重新装起来",
  "disassemble_10": "还是先把车钥匙装起来吧，要不然再丢点什么零件就彻底没法用了",
  "disassemble_11": "嗯，总算装好了，哈哈，车钥匙现在有电啦！",
  "batteryAfter_1": "把电池装进去...",
  "batteryAfter_2": "再把车钥匙组装起来...",
  "batteryAfter_3": "哈哈，车钥匙现在有电啦！"
}
