{
  "getKey2_1": "Why doesn't any button work? Shit!",
  "getKey2_2": "Take a good look at it.",
  "getKey2_3": "Huh? What's this long stick?",
  "getKey2_4": "Let me take it out...",
  "getKey2_5": "Wow, it's long...",
  "getKey2_6": "Oh? Seems a key. But it has no handle part.",
  "getKey2_7": "How could I use a key without a handle? It won't turn or be taken out once it's inserted in a keyhole.",
  "getKey2_8": "Oh yes, maybe it can be plugged to the car key reversely.",
  "getKey2_9": "Seems I'm right...Plug it deeper...",
  "getKey2_10": "Get the false key status of Volkswagen CC's car key.",
  "afterLoad_1": "Weird car key. The battery is already in but it still can't open the trunk. No button works.",
  "afterLoad_2": "Try the buttons on the key...Shit, no one works.",
  "afterLoad_3": "The car key of Volkswagen CC. No button works. Seems broken.",
  "afterUseItem_1": "Try this button cell. Maybe it fits.",
  "handleSwipeFrom_1": "Break it to the left...Ha! This white metal part seems can be removed.",
  "handleSwipeFrom_2": "Turn it over and take a look...",
  "click_1": "It's surprising that the car key can be transformed into a different status...This status must be useful.",
  "click_2": "Take out the false key and see what else operation can the car key take.",
  "disassemble_1": "Take away the part.",
  "disassemble_2": "Turn it over. And separate the shell...",
  "disassemble_3": "The car key is disassembled. The battery is in.",
  "disassemble_4": "Huh? No wonder the car key doesn't work. Obviously there's something missing!",
  "disassemble_5": "The battery is take out.",
  "disassemble_6": "Why haven't I seen any battery? Oh yes! This blank place should be a battery!",
  "disassemble_7": "Regain the battery. The car key won't work.",
  "disassemble_8": "But where the battery is?",
  "disassemble_9": "The battery is out. Assemble the car key.",
  "disassemble_10": "Better assemble the car key and make sure no more part is missing again.",
  "disassemble_11": "Assembled. Haha! The car key has power now!",
  "batteryAfter_1": "Put the button cell in...",
  "batteryAfter_2": "Assemble the car key again...",
  "batteryAfter_3": "Haha! The car key has power now!"
}
