{
  "getKey2_1": "이 차 열쇠가 무슨 버튼을 누르던 아무런 반응도 없습니다, 놀리나!",
  "getKey2_2": "자세히 보세요",
  "getKey2_3": "어라? 이건 무슨 물건이지, 뽑을 수 있다니?",
  "getKey2_4": "빼내 보세요...",
  "getKey2_5": "허, 길기도 기네...",
  "getKey2_6": "오? 열쇠인 것 같은데, 손잡이가 없습니다",
  "getKey2_7": "이건 어떻게 사용하지. 열쇠 구멍에 꼽으면 돌릴 수도 빼낼 수도 없는데",
  "getKey2_8": "아 맞다. 반대로 차열쇠에 꼽아봐야지",
  "getKey2_9": "이렇게 쓰는것이 맞는 것 같은데...더 안으로 밀어 넣고, 고정시켜보세요",
  "getKey2_10": "Volkswagen CC 차 열쇠의 예비용 열쇠 상태를 얻었습니다",
  "afterLoad_1": "이상한 차열쇠네. 전지를 꼽았는데, 트렁크를 여전히 열 수가 없습니다. 각 종 버튼을 눌러보아도 여전히 반응이 없습니다",
  "afterLoad_2": "차열쇠의 각 종 해제버튼을 눌렀는데...헐, 아무 반응도 없네. 어떡하지",
  "afterLoad_3": "Volkswagen CC의 차열쇠, 어떤 버튼을 눌러도 반응이 없습니다. 고장난 것 같습니다",
  "afterUseItem_1": "버튼 전지를 뺐다가 다시 꼽아 보세요",
  "handleSwipeFrom_1": "왼쪽으로 비틀어보니...하! 이 백색 금속 부분을 해제할 수 있습니다",
  "handleSwipeFrom_2": "뒤를 돌려, 이 열쇠에 무슨 비밀이 있는지 보세요...",
  "click_1": "이 열쇠가 놀랍게도 하나가 두개로 될 수 있네, 재밌군...이건 반드시 쓸모가 있을 것인니 일단 가지고 있어야지",
  "click_2": "예비용 열쇠를 벗기고, 이 열쇠에 또 무엇이 있는지를 살펴봅니다",
  "disassemble_1": "이 부분을 분리해 보세요",
  "disassemble_2": "돌려서 열쇠 두껑을 분리해보세요...",
  "disassemble_3": "열쇠를 이미 해제하였고, 전지가 이미 안에 있는 것을 보았습니다",
  "disassemble_4": "어? 여기 부품이 하나 부족하네! 그니까 열쇠가 안 되지",
  "disassemble_5": "전지를 빼냈습니다",
  "disassemble_6": "이 차열쇠에 전지 없습니다. 이 비어있는 위치에 아마도 전지를 꼽는 것인 것 같습니다!",
  "disassemble_7": "전지를 다시 얻었습니다. 차 열쇠에 또 배터리가 나갔습니다",
  "disassemble_8": "어디 가서 전지를 구하지?",
  "disassemble_9": "전지를 분리하였습니다. 차 열쇠를 다시 조립하세요",
  "disassemble_10": "먼저 차열쇠를 조립하세요. 아니면 어느 부품이라도 잃어버리면 정말 방법이 없게 됩니다",
  "disassemble_11": "음, 드디어 조립 완성하였습니다. 하하, 차 열쇨에 드디어 배터리가 생겼습니다!",
  "batteryAfter_1": "전지를 꼽아보세요...",
  "batteryAfter_2": "차 열쇠를 조립하세요...",
  "batteryAfter_3": "하하, 차 열쇨에 드디어 배터리가 생겼습니다!"
}
