{
  "getKey2_1": "この鍵は、どんなボタンを押しても、反応がしない！冗談だろう",
  "getKey2_2": "よく見て",
  "getKey2_3": "えっ？これは何？抜けるのか？",
  "getKey2_4": "取り出して見る...",
  "getKey2_5": "はっ、長いね...",
  "getKey2_6": "鍵のようだ。しかし、鍵の手元がない",
  "getKey2_7": "これはどうやって使うの？鍵の穴に挿しこめば、回せないし、抜けない",
  "getKey2_8": "そうだ、逆さにして、車の鍵に挿し込んでみる",
  "getKey2_9": "確かにこうやって使うようだ...もっと中に入れてみる。固定する",
  "getKey2_10": "予備状態のVolkswagen CCの鍵を入手した",
  "afterLoad_1": "変な鍵だ、中にバッテリーを入れたが、トランクを開けられない、ボタンを押しても全然反応しない",
  "afterLoad_2": "車の鍵のボタンを押す...くそ、何の反応もしない、どうする？",
  "afterLoad_3": "Volkswagen CCの鍵、何を押しても、反応がしない。壊れたみたい",
  "afterUseItem_1": "ボタン電池を取り出して、もう一回入れてみる",
  "handleSwipeFrom_1": "左へもぎとる...へ！この白い金属は取り外せるみたい",
  "handleSwipeFrom_2": "ひっくり返して、なんか秘密があるか...",
  "click_1": "この鍵は一つから二つになった。面白い...必ず使い道があるから、キープする",
  "click_2": "予備鍵を取り除いて、この鍵はまだ何かができるかをよく見て",
  "disassemble_1": "このパーツを取り外してみる",
  "disassemble_2": "ひっくり返して、鍵の外殻をあける...",
  "disassemble_3": "鍵を解体した、中に電池がある",
  "disassemble_4": "えっ？中にパーツが足りないみたい、だから使えないんだ！",
  "disassemble_5": "電池を外す",
  "disassemble_6": "鍵の中に電池を見当たらない。このがらがらの所は電池を入れる場所だと思う！",
  "disassemble_7": "改めて電池を入手した。鍵はまだ電池切れだ",
  "disassemble_8": "しかし、どこで電池を探すのだ？",
  "disassemble_9": "電池を外して、鍵を改めて組み立てる",
  "disassemble_10": "やはり鍵を組み立てましょう。まだ何かをなくしたら、本当に使えなくなるよ",
  "disassemble_11": "えん、やっとできた。はは、鍵に電気が流れた！",
  "batteryAfter_1": "電池を入れて...",
  "batteryAfter_2": "鍵を組み立てる...",
  "batteryAfter_3": "はは、鍵に電気が流れた！"
}
