{
  "afterLoad_1": "Take a good look...The indicator light is on.",
  "afterLoad_2": "Take a good look...",
  "afterUseItem_1": "Put the batteries in...Ha! The indicator light is on!",
  "afterUseItem_2": "Put the batteries in...They fit perfectly.",
  "afterUseItem_3": "Put the spray bottle in...Ha! The indicator light is on.",
  "afterUseItem_4": "Put the spray bottle in...Ha! It fits!",
  "afterUseItem_5": "Put the tissue on the device. Let it absorb the sprayed air...",
  "click_1": "Huh? Some mysterious air is sprayed out from the device.",
  "click_2": "Take back the tissue. (The tissue absorbed the sprayed air. It seems has some magic power.)",
  "click_3": "Let it spray...",
  "click_4": "Close it.",
  "click_5": "Open it. The batteries and the spray bottle have already been put inside.",
  "click_6": "Close it.",
  "click_7": "The batteries are in. But what is it for?",
  "click_8": "The spray bottle is in. But what is it for?",
  "click_9": "What is it for? I've never seen something like that before."
}