{
  "afterLoad_1": "가까이서 보세요...지시등이 켜졌습니다",
  "afterLoad_2": "가까이서 보세요...",
  "afterUseItem_1": "전지도 넣어보세요...아! 지시등이 켜졌습니다!",
  "afterUseItem_2": "전지를 넣어보세요...오, 크기가 딱 맞습니다",
  "afterUseItem_3": "분무병도 넣어보세요...아! 지시등이 켜졌습니다!",
  "afterUseItem_4": "분무병을 넣어보세요...오, 크기가 딱 맞습니다",
  "afterUseItem_5": "휴지를 분무기 위에 올려 분출한 기체를 흡수해보세요...",
  "click_1": "어? 이상한 기체가 이 장치에서 나옵니다...",
  "click_2": "휴지를 내려보세요(휴지가 이미 신기한 기체를 흡수하여 특수한 마력을 가진 것 같습니다)",
  "click_3": "분무해보세요...",
  "click_4": "덮개를 덮었습니다",
  "click_5": "덮개를 열어보니, 전지와 분무기가 모두 이미 장착되었습니다",
  "click_6": "덮개를 덮었습니다",
  "click_7": "비록 전지를 장착하였으나, 이것이 도대체 무슨 물건일가요?",
  "click_8": "비록 분무병을 장착하였으나, 이것이 도대체 무슨 물건일가요?",
  "click_9": "이건 무엇이지? 한번도 본적이 없습니다"
}