{
  "afterLoad_1": "近づいてみる...インジケータライトが光った",
  "afterLoad_2": "近づいてみる...",
  "afterUseItem_1": "電池を入れてみる...へ！インジケータライトが光った！",
  "afterUseItem_2": "電池を入れてみる...うん、ぴったりだ",
  "afterUseItem_3": "噴霧ボトルを入れてみる...へ！インジケータライトが光った！",
  "afterUseItem_4": "噴霧ボトルを入れてみる...うん、ぴったりだ",
  "afterUseItem_5": "ティッシュを噴霧器に置いて、出されたガスをつけて見る...",
  "click_1": "え？神秘なガスは噴霧器から出された...",
  "click_2": "ティッシュを外して (ティッシュに既に神秘なガスを吸収した、魔力があったようだ)",
  "click_3": "ガスをスプレーして...",
  "click_4": "蓋を閉める",
  "click_5": "蓋を開けてみる。電池と噴霧剤は全て装着された",
  "click_6": "蓋を閉める",
  "click_7": "電池を装着したが、しかし、一体これは何？",
  "click_8": "噴霧ボトルを装着したが、しかし、一体これは何？",
  "click_9": "これは何？見たこともなかった"
}