{
  "afterLoad_1": "离近点看看...指示灯亮了",
  "afterLoad_2": "离近点看看...",
  "afterUseItem_1": "把电池也装上去试试...嘿！指示灯亮了！",
  "afterUseItem_2": "把电池装上去试试...嗯，大小正合适",
  "afterUseItem_3": "把喷雾瓶子也装上去试试...嘿！指示灯亮了！",
  "afterUseItem_4": "把喷雾瓶子装上去试试...嘿，大小正合适",
  "afterUseItem_5": "把纸巾放在喷雾器上，吸收一下喷出来的气体试试...",
  "click_1": "嗯？有神秘的气体从这个装置里喷了出来...",
  "click_2": "把纸巾拿下来 (纸巾已经吸收了神秘的气体了，似乎有了不一样的魔力)",
  "click_3": "喷一下气...",
  "click_4": "关上盖子",
  "click_5": "打开盖子看看，电池和喷雾剂都已经装上去了",
  "click_6": "关上盖子",
  "click_7": "虽然电池已经装上去了，可这是到底是个什么玩意儿啊？",
  "click_8": "虽然把喷雾瓶子装上去了，可这是到底是个什么玩意儿啊？",
  "click_9": "这什么玩意儿啊？从来没见过"
}