{
  "afterLoad_1": "전기 자전거의 뒤 바퀴",
  "afterUseItem_1": "이 열쇠를 꼽아보세요",
  "afterUseItem_2": "이 자물쇠는 이미 열렸습니다",
  "afterUseItem_3": "이 열쇠를 꼽아보세요",
  "unlock1_1": "덮개를 열어보세요...이미 열었습니다",
  "unlock1_2": "덮개를 열어보세요. 어? 안에 열쇠 구멍이 있는데, 이것이 원래 타이어의 뒷바퀴 도난열쇠인 것 같습니다",
  "unlock1_3": "덮개를 닫았습니다",
  "unlock1_4": "돌려보세요!",
  "unlock1_5": "자물쇠가 열렸습니다",
  "unlock1_6": "자물쇠가 열렸습니다. 이제 뒤바퀴가 자유롭게 돌아갈 수 있겠습니다",
  "unlock1_7": "열쇠를 꺼냈습니다",
  "unlock2_1": "이 자물쇠가 정말 튼튼합니다. 어떻게 열어도 열리지 않습니다",
  "unlock2_2": "돌려보세요...",
  "unlock2_3": "하! 열렸습니다!",
  "unlock2_4": "자물쇠를 꺼내면 바퀴가 돌아갈 수 있습니다",
  "unlock2_5": "자물쇠를 꺼냈습니다"
}