{
  "afterLoad_1": "The driving wheel of the electric scooter.",
  "afterUseItem_1": "Try this key.",
  "afterUseItem_2": "The lock has already been unlocked.",
  "afterUseItem_3": "Try this key.",
  "unlock1_1": "Open the lid...It has already been unlocked.",
  "unlock1_2": "Open the lid...Huh? It's a keyhole! It must be another lock.",
  "unlock1_3": "Lid closed.",
  "unlock1_4": "Turn it!",
  "unlock1_5": "Unlocked!",
  "unlock1_6": "Unlocked! Now the driving wheel should be free to turn!",
  "unlock1_7": "Key is off.",
  "unlock2_1": "The lock is strong. Can't open it.",
  "unlock2_2": "Turn it...",
  "unlock2_3": "Hey! Unlocked!",
  "unlock2_4": "Take away the lock! Now the driving wheel should be free to turn!",
  "unlock2_5": "Lock is gone."
}