{
  "afterLoad_1": "电动自行车的后轮",
  "afterUseItem_1": "把这把钥匙插进去试试",
  "afterUseItem_2": "这个锁已经开过了",
  "afterUseItem_3": "把这把钥匙插进去试试",
  "unlock1_1": "掀开盖子看看...已经解锁过了",
  "unlock1_2": "掀开盖子看看，喔？里面有个钥匙孔，这可能就是原车带的后轮防盗锁",
  "unlock1_3": "盖子合上了",
  "unlock1_4": "我拧！",
  "unlock1_5": "锁解开了！",
  "unlock1_6": "锁解开了！这下后轮应该可以自由转动了吧！",
  "unlock1_7": "钥匙拿下来了",
  "unlock2_1": "这锁还真是粗壮结实，怎么都打不开啊",
  "unlock2_2": "拧一下...",
  "unlock2_3": "嘿！打开了！",
  "unlock2_4": "把锁拿掉，这下轮子可以转动了",
  "unlock2_5": "锁已经拿掉了"
}