{
  "afterLoad_1": "電動自転車の後輪",
  "afterUseItem_1": "この鍵をかけて見る",
  "afterUseItem_2": "この鎖はすでに開錠された",
  "afterUseItem_3": "この鍵をかけて見る",
  "unlock1_1": "蓋を開けてみる...すでに開錠された",
  "unlock1_2": "蓋を開けてみる。お？中に鍵の穴がある。これはオリジナル後輪ロックかもしれない",
  "unlock1_3": "蓋を閉める。",
  "unlock1_4": "回す",
  "unlock1_5": "開錠された！",
  "unlock1_6": "開錠された！これで後輪が動けるでしょう！",
  "unlock1_7": "鍵を取る",
  "unlock2_1": "この鎖は丈夫だね、開けられない。",
  "unlock2_2": "回す...",
  "unlock2_3": "開いた！",
  "unlock2_4": "鎖を取り外す、これで後輪が動けるでしょう",
  "unlock2_5": "鎖はすでに取り外された"
}