{
  "afterUseItem_1": "将微型U盘插进USB接口...嗯？！什么声音？",
  "openGlove_1": "手套箱好像是从里面被锁住的，打不开",
  "openGlove_2": "手套箱关上了",
  "openGlove_3": "得到一个锁着的盒子",
  "openGlove_4": "打开手套箱看看...里面没有东西了",
  "openGlove_5": "啊！太好了，手套箱能打开了！",
  "insertUdisk_1": "微型U盘已经插入USB接口了...嗯？！什么声音？",
  "insertUdisk_2": "咦？这个小插口好像是USB接口"
}