{
  "afterUseItem_1": "소형 USB 메모미를 USB포트에 꼽습니다…어라?!무슨소리지?",
  "openGlove_1": "글러브 박스가 안쪽에서 잠겨진 것 같습니다. 열리지 않습니다",
  "openGlove_2": "글러브 박스를 닫았습니다",
  "openGlove_3": "잠궈진 박스를 얻었습니다",
  "openGlove_4": "글러브 박스를 열었습니다…안에 아무것도 없습니다",
  "openGlove_5": "아! 잘됐군, 글러브 박스가 열렸습니다!",
  "insertUdisk_1": "소형 USB 메모리를 이미 USB 포트에 꼽았습니다…어라?!무슨소리지?",
  "insertUdisk_2": "어라? 이 작은 포트가 USB 포트인 것 같습니다"
}