{
  "afterUseItem_1": "ミクロUSBメモリをUSB端子に挿入した…何の音だ？",
  "openGlove_1": "グローブボックスは中からロックされているようだ、開けられない",
  "openGlove_2": "グローブボックスを閉めた",
  "openGlove_3": "ロックされている箱を手に入れた",
  "openGlove_4": "グローブボックスを開けてみよう…何もない",
  "openGlove_5": "よかった、グローブボックスを開けた！",
  "insertUdisk_1": "ミクロUSBメモリをUSB端子に挿入した…何の音だ？",
  "insertUdisk_2": "あれ？USB端子じゃないか？"
}