{
  "afterUseItem_1": "Plug the mini USB memory stick in...Ah? What's that sound?",
  "openGlove_1": "The glove box seems locked from inside. I can't open it.",
  "openGlove_2": "Glove box is closed.",
  "openGlove_3": "Get a locked tin box.",
  "openGlove_4": "Open the glove box...Nothing is there.",
  "openGlove_5": "Great! The glove box can be opened!",
  "insertUdisk_1": "The mini USB memory stick has already been inserted into the USB interface...Ah? What's that sound?",
  "insertUdisk_2": "Huh? This is a USB interface."
}