{
  "click_1": "ようやくテロリストから逃げ出した",
  "click_2": "もうどこに行ってもいいかがさっぱりわからない…",
  "click_3": "どこ行っても、すぐにテロリストに捕まえられるのだろう…",
  "click_4": "銃もたくさん所持している、今度は殺されるかも…",
  "click_5": "何回もエスケープ劇を繰り返し、Mikeも行方不明のまま…どうするんだ？どうすればいいんだ？",
  "click_6": "絶望感に陥っている…"
}
