{
  "click_1": "드디어 나쁜 사람들로부터 벗어났습니다",
  "click_2": "지금의 나는, 어디로 가야 될지도 모릅니다…",
  "click_3": "왜냐하면 어디를 가든, 나쁜사람들이 나를  찾아낼 수 있으니까요…",
  "click_4": "또한 이 흉악한 나쁜 사람들은 총까지 있습니다! 보통 강도가 아닙니다!",
  "click_5": "여러 번 잡히고, Mike는 지금까지 소식이 없고, 나 어떻게 해야되지? 어떻게 해야되지?",
  "click_6": "생각할수록 또한 앞에 캄캄하기 그지 없고 행인도 없는 거리를 보면서 나는 절망하였습니다…"
}
