{
  "afterUseItem_1": "ディスクを入れた",
  "air5_1": "電気システムは立ち上がっていない、操作はできない",
  "air4_1": "電気システムは立ち上がっていない、操作はできない",
  "air3_1": "電気システムは立ち上がっていない、操作はできない",
  "air2_1": "電気システムは立ち上がっていない、操作はできない",
  "air1_1": "電気システムは立ち上がっていない、操作はできない",
  "heat_1": "電気システムは立ち上がっていない、操作はできない",
  "park_1": "電気システムは立ち上がっていない、操作はできない"
}