{
  "afterUseItem_1": "CD를 DVD롬에 넣습니다",
  "air5_1": "차에 전기가 통하지 않아 눌러도 반응이 없습니다",
  "air4_1": "차의 활력 게 아니라 작동 할 수 없습니다",
  "air3_1": "차의 활력 게 아니라 작동 할 수 없습니다",
  "air2_1": "차의 활력 게 아니라 작동 할 수 없습니다",
  "air1_1": "차의 활력 게 아니라 작동 할 수 없습니다",
  "heat_1": "차의 활력 게 아니라 작동 할 수 없습니다",
  "park_1": "차의 활력 게 아니라 작동 할 수 없습니다"
}