{
  "afterLoad_1": "トイATMを開けた、なにこれ？",
  "afterLoad_2": "ATM上にある赤いランプが光っている、どういう意味だろう？",
  "afterLoad_3": "トイATMは空っぽだ",
  "afterLoad_4": "トイATMに何かあるはずだ",
  "afterUseItem_1": "コインを入れてみよう…開けた",
  "afterUseItem_2": "カードを入れてみよう…",
  "getCamera_1": "何もない",
  "getCamera_2": "開けられそうだ、しかしロックされている",
  "enter_1": "トイATMはアンロックされた、パスワードを入力する必要がない",
  "enter_2": "反応なし",
  "coin_1": "コインを入れた",
  "coin_2": "邪魔ものは消えた、コインを入れよう",
  "coin_3": "コインの入れ口だ、しかし格子は邪魔している",
  "card_1": "ATMカードを入れた",
  "card_2": "ここはATMカードの入れ口のはずだ"
}