{
  "afterLoad_1": "The ATM machine is opened! Wow! What is that stuff inside?",
  "afterLoad_2": "Huh? The little red lamp is on. What does that mean?",
  "afterLoad_3": "There's nothing in the ATM machine.",
  "afterLoad_4": "I bet the ATM machine must hide some secret.",
  "afterUseItem_1": "Try to put the coin into it...Ha! It opens!",
  "afterUseItem_2": "Try to insert this card...",
  "getCamera_1": "Nothing is inside.",
  "getCamera_2": "The box looks can be pulled out. But it's locked.",
  "enter_1": "The ATM machine is already unlocked. No need to input the password again.",
  "enter_2": "What? Why does it has no respond to me?",
  "coin_1": "The coin was already in.",
  "coin_2": "The metal bar inside the ATM is gone. It seems I can put a coin into it now.",
  "coin_3": "It looks like a place to insert some coins. But it's blocked by a metal bar from inside.",
  "card_1": "The ATM card is already plugged in.",
  "card_2": "This hole must be waiting for some kind of card."
}