{
  "afterLoad_1": "ATM机打开了！嗯？里面是个什么东西？",
  "afterLoad_2": "咦？ATM机上方的小红灯亮了，什么意思呢？",
  "afterLoad_3": "ATM机里已经是空的了",
  "afterLoad_4": "看起来这个ATM机里一定装了什么秘密",
  "afterUseItem_1": "把硬币丢进去试试...哈！ATM机打开了！",
  "afterUseItem_2": "插入卡片试试...",
  "getCamera_1": "里面没有东西了",
  "getCamera_2": "看起来这里能打开，但是却被锁住了",
  "enter_1": "ATM机已经解锁，不用输入密码了",
  "enter_2": "唉？怎么按下去都没反应呢？",
  "coin_1": "硬币已经放进去了",
  "coin_2": "里面的栏杆不见了，似乎可以放入硬币了",
  "coin_3": "看起来是个放入硬币的地方，但是却被里面的栏杆堵住了",
  "card_1": "ATM卡已经插进去了",
  "card_2": "这里应该是插入ATM卡的地方了"
}