{
  "afterLoad_1": "자동인출기가 열렸습니다! 어라? 안에 있는건 무엇이지?",
  "afterLoad_2": "어라? 자동인출기 위에 작은 빨간 등이 켜졌는데, 무슨 뜻이지?",
  "afterLoad_3": "자동인출기안은 이미 비었습니다",
  "afterLoad_4": "이 자동인출기에 무조건 무슨 비밀이 있을 것입니다",
  "afterUseItem_1": "동전을 넣어 보겠습니다…아! 자동인출기가 열렸습니다!",
  "afterUseItem_2": "카드를 꼽아봅니다…",
  "getCamera_1": "안에 아무것도 없습니다",
  "getCamera_2": "여기를 열 수 있을 것 같은데, 잠겨져 있습니다",
  "enter_1": "자동인출기를 이미 열어 비밀번호가 필요없습니다",
  "enter_2": "어라? 눌러도 왜 반응이 없지?",
  "coin_1": "동전을 이미 넣었습니다",
  "coin_2": "안에 난간이 없어졌습니다. 동전을 넣을 수 있습니다",
  "coin_3": "동전을 넣는 곳인 것 같은데, 안에 난간으로 막혀 있습니다",
  "card_1": "ATM카드를 꼽았습니다",
  "card_2": "여기가 ATM 카드를 꼽는 곳인 것 같습니다"
}