{
  "beforeLoad_1": "All 6 Chapters Clear! Congratulations!",
  "beforeLoad_2": "Clear! Congratulations!",
  "beforeLoad_3": "Consuming Time：",
  "beforeLoad_4": "Have fun? Don't forget to give us 5 rating stars!",
  "beforeLoad_5": "The Car of This Chapter - BMW 118i (2012)",
  "beforeLoad_6": "Follow-Up",
  "beforeLoad_7": "Although I'm temporary safe",
  "beforeLoad_8": "I still feel this whole world is not safe to me",
  "beforeLoad_9": "Aimlessly driving in the night on the street",
  "beforeLoad_10": "Soon the sun comes up",
  "beforeLoad_11": "And more and more people are on the street",
  "beforeLoad_12": "then I feel the courage is back",
  "beforeLoad_13": "I think I should go back and find Howard",
  "beforeLoad_14": "In this city, the only man I know is him",
  "beforeLoad_15": "In order to prevent the car being followed by its GPS",
  "beforeLoad_16": "I keep the car into an obscure parking lot",
  "beforeLoad_17": "And I decide to take the bus to find Howard",
  "beforeLoad_18": "I guess this is the safest way",
  "beforeLoad_19": "So, I'm on my new journey...",
  "beforeLoad_20": "For more information, please continue to play Chapter 7!"
}
