{
  "beforeLoad_1": "축하합니다. 차량탈출1-4 모두 통과하였습니다",
  "beforeLoad_2": "축하합니다, 통과하였습니다!",
  "beforeLoad_3": "이번 통관 사용시간: ",
  "beforeLoad_4": "재밌었나요? 5개 별 평가를 해주세요!",
  "beforeLoad_5": "이번 장 출연 차량 - BMW 118i (2012)",
  "beforeLoad_6": "사건 후속",
  "beforeLoad_7": "절망한 나는 흉악한 적들로부터 벗어났지만 ",
  "beforeLoad_8": "이세상에는 이미 안전한 곳이 없음을 느겼습니다",
  "beforeLoad_9": "아무런 목적도 없이 캄캄한 거리에서 달리다가",
  "beforeLoad_10": "얼마 안되어 날은 밝아왔습니다",
  "beforeLoad_11": "거리에 행인들도 많아졌습니다",
  "beforeLoad_12": "저조한 심정을 다시 추스리고",
  "beforeLoad_13": "먼저 Howard를 찾으러 가야되겠다고 생각했습니다",
  "beforeLoad_14": "이 도시에서, 그밖에 아는 사람이 없습니다",
  "beforeLoad_15": "지금 타고 있는 차가 GPS 위치 추적이 가능할 수 있어",
  "beforeLoad_16": "먼저 차를 눈에 띄지 않는 주차장에 넣었습니다",
  "beforeLoad_17": "그리고 버스를 타고 Howard를 찾으러 가려고 결심하였습니다",
  "beforeLoad_18": "이것이 가장 안전한 방법인 것 같습니다",
  "beforeLoad_19": "이렇게, 나는 새로운 길에 오르게 되었습니다…",
  "beforeLoad_20": "(상세한 내용은 후속작 <차량탈출5> 를 기대해주세요!)"
}