{
  "beforeLoad_1": "車内脱出1‐4クリアおめでとうございます！！！",
  "beforeLoad_2": "クリアおめでとうございます！",
  "beforeLoad_3": "クリア時間：",
  "beforeLoad_4": "面白かった？五つ星の評価はよろしく頼むよ",
  "beforeLoad_5": "登場車 - BMW 118i (2012)",
  "beforeLoad_6": "事件の後に",
  "beforeLoad_7": "命をかけてなんとか逃げ出した",
  "beforeLoad_8": "しかし、安全な居場所はどこにもないと気がしている",
  "beforeLoad_9": "こう考えて、夜中の街に彷徨う…",
  "beforeLoad_10": "やがて、朝になった",
  "beforeLoad_11": "みるみるうちに街中に人影が増えてきた",
  "beforeLoad_12": "人混みに包まれて、落ち込みも少しづつ消えた",
  "beforeLoad_13": "とりあえずHowardに会いに行こう",
  "beforeLoad_14": "この街での知り合いは彼だけだから",
  "beforeLoad_15": "GPSに追跡されないように",
  "beforeLoad_16": "車を目立たない駐車場に置いた",
  "beforeLoad_17": "バスでHowardのところに行く",
  "beforeLoad_18": "車より安全だろう…",
  "beforeLoad_19": "こうして、私は新たな旅に向けた",
  "beforeLoad_20": "(新たな旅、そして新たな事件…すべては「車内脱出5」にある！お楽しみ！)"
}