{
  "beforeLoad_1": "恭喜您已把车内逃脱1-4全部通关！！！",
  "beforeLoad_2": "恭喜您通关！",
  "beforeLoad_3": "本次通关耗时：",
  "beforeLoad_4": "玩的开心吗？去给我们5星级评价吧！",
  "beforeLoad_5": "本章出场车辆 - 宝马1系 118i (2012)",
  "beforeLoad_6": "事情后续",
  "beforeLoad_7": "绝望的我摆脱了穷凶极恶的敌人",
  "beforeLoad_8": "却觉得这个世上已没有我安全的容身之地",
  "beforeLoad_9": "漫无目的地驰骋在黑夜的大街上",
  "beforeLoad_10": "不多久天便亮了",
  "beforeLoad_11": "街上的行人也多了",
  "beforeLoad_12": "逐渐收拾起我低落的情绪",
  "beforeLoad_13": "我想，还是先去找小华吧",
  "beforeLoad_14": "在这个城市，我也只认识他了",
  "beforeLoad_15": "为了防止眼下这部车被GPS跟踪定位",
  "beforeLoad_16": "我把车存进了一个不起眼的停车场",
  "beforeLoad_17": "我决定坐公交车去找小华",
  "beforeLoad_18": "也许这样才是最安全的方式",
  "beforeLoad_19": "就这样，我踏上了新的征程...",
  "beforeLoad_20": "(欲知后续如何，敬请期待续作《车内逃脱5》！)"
}